repo_id,file_path,bug_instance_id,bug_type,bug_severity,template_id,injection_site,injected_line_start,injected_line_end,dataset_seed,run_id
seanpm2001_SNU_2D_ProgrammingTools_IDE_COBOL,seanpm2001_SNU_2D_ProgrammingTools_IDE_COBOL/PROJECT_LANG_1.cob,SB000001,REDUNDANT_GOTO,MEDIUM,T_GOTO_01,PROCEDURE-DIVISION,4,11,42,COBUG_STATIC_V1
seanpm2001_SNU_2D_ProgrammingTools_IDE_COBOL,seanpm2001_SNU_2D_ProgrammingTools_IDE_COBOL/HelloWorld_V1.cbl,SB000002,REDUNDANT_GOTO,MEDIUM,T_GOTO_01,PROCEDURE-DIVISION,3,10,42,COBUG_STATIC_V1
seanpm2001_SNU_2D_ProgrammingTools_IDE_COBOL,seanpm2001_SNU_2D_ProgrammingTools_IDE_COBOL/HelloWorld_V1.cbl,SB000003,UNDECLARED_IDENTIFIER_REFERENCE,HIGH,T_UNDECL_01,PROCEDURE-DIVISION,3,3,42,COBUG_STATIC_V1
seanpm2001_SNU_2D_ProgrammingTools_IDE_COBOL,seanpm2001_SNU_2D_ProgrammingTools_IDE_COBOL/ProcedureDivision_V1.cob,SB000004,DEAD_CODE_AFTER_STOP_RUN,MEDIUM,T_DEAD_01,AFTER-STOP-RUN,4,4,42,COBUG_STATIC_V1
Martinfx_Cobol,Martinfx_Cobol/DateAndTime.cbl,SB000005,UNUSED_DATA_ITEM,LOW,T_UNUSED_01,WORKING-STORAGE,10,10,42,COBUG_STATIC_V1
Martinfx_Cobol,Martinfx_Cobol/core_basic_window.cbl,SB000006,UNDECLARED_IDENTIFIER_REFERENCE,HIGH,T_UNDECL_01,PROCEDURE-DIVISION,46,46,42,COBUG_STATIC_V1
Martinfx_Cobol,Martinfx_Cobol/OpenFileRecordKey.cbl,SB000007,UNDECLARED_IDENTIFIER_REFERENCE,HIGH,T_UNDECL_01,PROCEDURE-DIVISION,39,39,42,COBUG_STATIC_V1
Martinfx_Cobol,Martinfx_Cobol/Hello_SQLITE.cbl,SB000008,UNUSED_DATA_ITEM,LOW,T_UNUSED_01,WORKING-STORAGE,80,80,42,COBUG_STATIC_V1
Martinfx_Cobol,Martinfx_Cobol/Hello_SQLITE.cbl,SB000009,REDUNDANT_GOTO,MEDIUM,T_GOTO_01,PROCEDURE-DIVISION,132,139,42,COBUG_STATIC_V1
Martinfx_Cobol,Martinfx_Cobol/String.cbl,SB000010,REDUNDANT_GOTO,MEDIUM,T_GOTO_01,PROCEDURE-DIVISION,14,21,42,COBUG_STATIC_V1
Martinfx_Cobol,Martinfx_Cobol/String.cbl,SB000011,MISSING_ELSE_FOR_CRITICAL_CHECK,LOW,T_MELSE_01,PROCEDURE-DIVISION,16,19,42,COBUG_STATIC_V1
Martinfx_Cobol,Martinfx_Cobol/ConditionStatement.cbl,SB000012,MISSING_ELSE_FOR_CRITICAL_CHECK,LOW,T_MELSE_01,PROCEDURE-DIVISION,17,20,42,COBUG_STATIC_V1
Martinfx_Cobol,Martinfx_Cobol/ForLoop.cbl,SB000013,REDUNDANT_GOTO,MEDIUM,T_GOTO_01,PROCEDURE-DIVISION,16,23,42,COBUG_STATIC_V1
Martinfx_Cobol,Martinfx_Cobol/SignCondition.cbl,SB000014,MISSING_ELSE_FOR_CRITICAL_CHECK,LOW,T_MELSE_01,PROCEDURE-DIVISION,19,22,42,COBUG_STATIC_V1
Martinfx_Cobol,Martinfx_Cobol/SequentialRead.cbl,SB000015,UNUSED_DATA_ITEM,LOW,T_UNUSED_01,WORKING-STORAGE,27,27,42,COBUG_STATIC_V1
Martinfx_Cobol,Martinfx_Cobol/SequentialRead.cbl,SB000016,MISSING_ELSE_FOR_CRITICAL_CHECK,LOW,T_MELSE_01,PROCEDURE-DIVISION,37,40,42,COBUG_STATIC_V1
Martinfx_Cobol,Martinfx_Cobol/ConditionNameCondition.cbl,SB000017,MISSING_ELSE_FOR_CRITICAL_CHECK,LOW,T_MELSE_01,PROCEDURE-DIVISION,21,24,42,COBUG_STATIC_V1
Martinfx_Cobol,Martinfx_Cobol/ConditionNameCondition.cbl,SB000018,REDUNDANT_GOTO,MEDIUM,T_GOTO_01,PROCEDURE-DIVISION,21,28,42,COBUG_STATIC_V1
Martinfx_Cobol,Martinfx_Cobol/NegatedCondition.cbl,SB000019,UNUSED_DATA_ITEM,LOW,T_UNUSED_01,WORKING-STORAGE,10,10,42,COBUG_STATIC_V1
Martinfx_Cobol,Martinfx_Cobol/RandomBingo.cbl,SB000020,UNDECLARED_IDENTIFIER_REFERENCE,HIGH,T_UNDECL_01,PROCEDURE-DIVISION,43,43,42,COBUG_STATIC_V1
Martinfx_Cobol,Martinfx_Cobol/CombinedConditions.cbl,SB000021,UNDECLARED_IDENTIFIER_REFERENCE,HIGH,T_UNDECL_01,PROCEDURE-DIVISION,15,15,42,COBUG_STATIC_V1
Martinfx_Cobol,Martinfx_Cobol/Struct.cbl,SB000022,UNDECLARED_IDENTIFIER_REFERENCE,HIGH,T_UNDECL_01,PROCEDURE-DIVISION,26,26,42,COBUG_STATIC_V1
Martinfx_Cobol,Martinfx_Cobol/Struct.cbl,SB000023,UNUSED_DATA_ITEM,LOW,T_UNUSED_01,WORKING-STORAGE,9,9,42,COBUG_STATIC_V1
Martinfx_Cobol,Martinfx_Cobol/ClassCondition.cbl,SB000024,REDUNDANT_GOTO,MEDIUM,T_GOTO_01,PROCEDURE-DIVISION,14,21,42,COBUG_STATIC_V1
Martinfx_Cobol,Martinfx_Cobol/EvaluteVerb.cbl,SB000025,REDUNDANT_GOTO,MEDIUM,T_GOTO_01,PROCEDURE-DIVISION,14,21,42,COBUG_STATIC_V1
Martinfx_Cobol,Martinfx_Cobol/InsertSort.cbl,SB000026,UNUSED_DATA_ITEM,LOW,T_UNUSED_01,WORKING-STORAGE,9,9,42,COBUG_STATIC_V1
Martinfx_Cobol,Martinfx_Cobol/core_random_values.cbl,SB000027,UNUSED_DATA_ITEM,LOW,T_UNUSED_01,WORKING-STORAGE,17,17,42,COBUG_STATIC_V1
Martinfx_Cobol,Martinfx_Cobol/OpenFileSequential.cbl,SB000028,MISSING_ELSE_FOR_CRITICAL_CHECK,LOW,T_MELSE_01,PROCEDURE-DIVISION,37,40,42,COBUG_STATIC_V1
Martinfx_Cobol,Martinfx_Cobol/OpenFileSequential.cbl,SB000029,UNDECLARED_IDENTIFIER_REFERENCE,HIGH,T_UNDECL_01,PROCEDURE-DIVISION,37,37,42,COBUG_STATIC_V1
Martinfx_Cobol,Martinfx_Cobol/RandomNumbers.cbl,SB000030,UNDECLARED_IDENTIFIER_REFERENCE,HIGH,T_UNDECL_01,PROCEDURE-DIVISION,15,15,42,COBUG_STATIC_V1
Martinfx_Cobol,Martinfx_Cobol/RandomNumbers.cbl,SB000031,MISSING_ELSE_FOR_CRITICAL_CHECK,LOW,T_MELSE_01,PROCEDURE-DIVISION,17,20,42,COBUG_STATIC_V1
Martinfx_Cobol,Martinfx_Cobol/HelloWorld.cbl,SB000032,MISSING_ELSE_FOR_CRITICAL_CHECK,LOW,T_MELSE_01,PROCEDURE-DIVISION,16,19,42,COBUG_STATIC_V1
Martinfx_Cobol,Martinfx_Cobol/StatusCode.cbl,SB000033,UNUSED_DATA_ITEM,LOW,T_UNUSED_01,WORKING-STORAGE,8,8,42,COBUG_STATIC_V1
Martinfx_Cobol,Martinfx_Cobol/StatusCode.cbl,SB000034,MISSING_ELSE_FOR_CRITICAL_CHECK,LOW,T_MELSE_01,PROCEDURE-DIVISION,45,48,42,COBUG_STATIC_V1
Martinfx_Cobol,Martinfx_Cobol/SelectSort.cbl,SB000035,UNUSED_DATA_ITEM,LOW,T_UNUSED_01,WORKING-STORAGE,11,11,42,COBUG_STATIC_V1
Martinfx_Cobol,Martinfx_Cobol/Address.cbl,SB000036,MISSING_ELSE_FOR_CRITICAL_CHECK,LOW,T_MELSE_01,PROCEDURE-DIVISION,24,27,42,COBUG_STATIC_V1
Martinfx_Cobol,Martinfx_Cobol/RelationCondition.cbl,SB000037,UNUSED_DATA_ITEM,LOW,T_UNUSED_01,WORKING-STORAGE,10,10,42,COBUG_STATIC_V1
Martinfx_Cobol,Martinfx_Cobol/Pointer.cbl,SB000038,UNUSED_DATA_ITEM,LOW,T_UNUSED_01,WORKING-STORAGE,9,9,42,COBUG_STATIC_V1
Martinfx_Cobol,Martinfx_Cobol/Pointer.cbl,SB000039,REDUNDANT_GOTO,MEDIUM,T_GOTO_01,PROCEDURE-DIVISION,25,32,42,COBUG_STATIC_V1
Martinfx_Cobol,Martinfx_Cobol/While.cbl,SB000040,UNDECLARED_IDENTIFIER_REFERENCE,HIGH,T_UNDECL_01,PROCEDURE-DIVISION,14,14,42,COBUG_STATIC_V1
Martinfx_Cobol,Martinfx_Cobol/BubbleSort.cbl,SB000041,MISSING_ELSE_FOR_CRITICAL_CHECK,LOW,T_MELSE_01,PROCEDURE-DIVISION,50,53,42,COBUG_STATIC_V1
Martinfx_Cobol,Martinfx_Cobol/BubbleSort.cbl,SB000042,UNDECLARED_IDENTIFIER_REFERENCE,HIGH,T_UNDECL_01,PROCEDURE-DIVISION,50,50,42,COBUG_STATIC_V1
GaloisGirl_Coding,GaloisGirl_Coding/d10b.cob,SB000043,MISSING_ELSE_FOR_CRITICAL_CHECK,LOW,T_MELSE_01,PROCEDURE-DIVISION,37,40,42,COBUG_STATIC_V1
GaloisGirl_Coding,GaloisGirl_Coding/d10b.cob,SB000044,DEAD_CODE_AFTER_STOP_RUN,MEDIUM,T_DEAD_01,AFTER-STOP-RUN,49,49,42,COBUG_STATIC_V1
GaloisGirl_Coding,GaloisGirl_Coding/d15a.cob,SB000045,UNUSED_DATA_ITEM,LOW,T_UNUSED_01,WORKING-STORAGE,7,7,42,COBUG_STATIC_V1
GaloisGirl_Coding,GaloisGirl_Coding/d15a.cob,SB000046,DEAD_CODE_AFTER_STOP_RUN,MEDIUM,T_DEAD_01,AFTER-STOP-RUN,29,29,42,COBUG_STATIC_V1
GaloisGirl_Coding,GaloisGirl_Coding/d17a.cob,SB000047,MISSING_ELSE_FOR_CRITICAL_CHECK,LOW,T_MELSE_01,PROCEDURE-DIVISION,25,28,42,COBUG_STATIC_V1
GaloisGirl_Coding,GaloisGirl_Coding/d17a.cob,SB000048,REDUNDANT_GOTO,MEDIUM,T_GOTO_01,PROCEDURE-DIVISION,25,32,42,COBUG_STATIC_V1
GaloisGirl_Coding,GaloisGirl_Coding/d08b.cob,SB000049,REDUNDANT_GOTO,MEDIUM,T_GOTO_01,PROCEDURE-DIVISION,38,45,42,COBUG_STATIC_V1
GaloisGirl_Coding,GaloisGirl_Coding/d08b.cob,SB000050,UNUSED_DATA_ITEM,LOW,T_UNUSED_01,WORKING-STORAGE,20,20,42,COBUG_STATIC_V1
GaloisGirl_Coding,GaloisGirl_Coding/d01a.cob,SB000051,UNUSED_DATA_ITEM,LOW,T_UNUSED_01,WORKING-STORAGE,17,17,42,COBUG_STATIC_V1
GaloisGirl_Coding,GaloisGirl_Coding/d12b.cob,SB000052,MISSING_ELSE_FOR_CRITICAL_CHECK,LOW,T_MELSE_01,PROCEDURE-DIVISION,33,36,42,COBUG_STATIC_V1
GaloisGirl_Coding,GaloisGirl_Coding/d23a.cob,SB000053,REDUNDANT_GOTO,MEDIUM,T_GOTO_01,PROCEDURE-DIVISION,10,17,42,COBUG_STATIC_V1
GaloisGirl_Coding,GaloisGirl_Coding/d21a.cob,SB000054,REDUNDANT_GOTO,MEDIUM,T_GOTO_01,PROCEDURE-DIVISION,20,27,42,COBUG_STATIC_V1
GaloisGirl_Coding,GaloisGirl_Coding/d21a.cob,SB000055,MISSING_ELSE_FOR_CRITICAL_CHECK,LOW,T_MELSE_01,PROCEDURE-DIVISION,22,25,42,COBUG_STATIC_V1
GaloisGirl_Coding,GaloisGirl_Coding/d15b.cob,SB000056,UNDECLARED_IDENTIFIER_REFERENCE,HIGH,T_UNDECL_01,PROCEDURE-DIVISION,20,20,42,COBUG_STATIC_V1
GaloisGirl_Coding,GaloisGirl_Coding/d15b.cob,SB000057,REDUNDANT_GOTO,MEDIUM,T_GOTO_01,PROCEDURE-DIVISION,20,27,42,COBUG_STATIC_V1
GaloisGirl_Coding,GaloisGirl_Coding/d02b.cob,SB000058,UNUSED_DATA_ITEM,LOW,T_UNUSED_01,WORKING-STORAGE,17,17,42,COBUG_STATIC_V1
GaloisGirl_Coding,GaloisGirl_Coding/d16b.cob,SB000059,UNDECLARED_IDENTIFIER_REFERENCE,HIGH,T_UNDECL_01,PROCEDURE-DIVISION,58,58,42,COBUG_STATIC_V1
GaloisGirl_Coding,GaloisGirl_Coding/d13a.cob,SB000060,MISSING_ELSE_FOR_CRITICAL_CHECK,LOW,T_MELSE_01,PROCEDURE-DIVISION,38,41,42,COBUG_STATIC_V1
GaloisGirl_Coding,GaloisGirl_Coding/d14b.cob,SB000061,UNDECLARED_IDENTIFIER_REFERENCE,HIGH,T_UNDECL_01,PROCEDURE-DIVISION,41,41,42,COBUG_STATIC_V1
GaloisGirl_Coding,GaloisGirl_Coding/d14b.cob,SB000062,MISSING_ELSE_FOR_CRITICAL_CHECK,LOW,T_MELSE_01,PROCEDURE-DIVISION,43,46,42,COBUG_STATIC_V1
GaloisGirl_Coding,GaloisGirl_Coding/d23b.cob,SB000063,UNUSED_DATA_ITEM,LOW,T_UNUSED_01,WORKING-STORAGE,7,7,42,COBUG_STATIC_V1
GaloisGirl_Coding,GaloisGirl_Coding/d12a.cob,SB000064,UNUSED_DATA_ITEM,LOW,T_UNUSED_01,WORKING-STORAGE,16,16,42,COBUG_STATIC_V1
GaloisGirl_Coding,GaloisGirl_Coding/d07b.cob,SB000065,UNDECLARED_IDENTIFIER_REFERENCE,HIGH,T_UNDECL_01,PROCEDURE-DIVISION,34,34,42,COBUG_STATIC_V1
GaloisGirl_Coding,GaloisGirl_Coding/d07b.cob,SB000066,REDUNDANT_GOTO,MEDIUM,T_GOTO_01,PROCEDURE-DIVISION,34,41,42,COBUG_STATIC_V1
GaloisGirl_Coding,GaloisGirl_Coding/d05a.cob,SB000067,MISSING_ELSE_FOR_CRITICAL_CHECK,LOW,T_MELSE_01,PROCEDURE-DIVISION,25,28,42,COBUG_STATIC_V1
GaloisGirl_Coding,GaloisGirl_Coding/d08a.cob,SB000068,UNUSED_DATA_ITEM,LOW,T_UNUSED_01,WORKING-STORAGE,16,16,42,COBUG_STATIC_V1
GaloisGirl_Coding,GaloisGirl_Coding/d10a.cob,SB000069,REDUNDANT_GOTO,MEDIUM,T_GOTO_01,PROCEDURE-DIVISION,29,36,42,COBUG_STATIC_V1
GaloisGirl_Coding,GaloisGirl_Coding/d10a.cob,SB000070,MISSING_ELSE_FOR_CRITICAL_CHECK,LOW,T_MELSE_01,PROCEDURE-DIVISION,31,34,42,COBUG_STATIC_V1
GaloisGirl_Coding,GaloisGirl_Coding/d25a.cob,SB000071,UNUSED_DATA_ITEM,LOW,T_UNUSED_01,WORKING-STORAGE,17,17,42,COBUG_STATIC_V1
GaloisGirl_Coding,GaloisGirl_Coding/d25a.cob,SB000072,DEAD_CODE_AFTER_STOP_RUN,MEDIUM,T_DEAD_01,AFTER-STOP-RUN,45,45,42,COBUG_STATIC_V1
GaloisGirl_Coding,GaloisGirl_Coding/d11b.cob,SB000073,DEAD_CODE_AFTER_STOP_RUN,MEDIUM,T_DEAD_01,AFTER-STOP-RUN,46,46,42,COBUG_STATIC_V1
GaloisGirl_Coding,GaloisGirl_Coding/d06b.cob,SB000074,REDUNDANT_GOTO,MEDIUM,T_GOTO_01,PROCEDURE-DIVISION,26,33,42,COBUG_STATIC_V1
GaloisGirl_Coding,GaloisGirl_Coding/d06b.cob,SB000075,DEAD_CODE_AFTER_STOP_RUN,MEDIUM,T_DEAD_01,AFTER-STOP-RUN,43,43,42,COBUG_STATIC_V1
GaloisGirl_Coding,GaloisGirl_Coding/d03a.cob,SB000076,REDUNDANT_GOTO,MEDIUM,T_GOTO_01,PROCEDURE-DIVISION,23,30,42,COBUG_STATIC_V1
GaloisGirl_Coding,GaloisGirl_Coding/d04b.cob,SB000077,UNUSED_DATA_ITEM,LOW,T_UNUSED_01,WORKING-STORAGE,17,17,42,COBUG_STATIC_V1
GaloisGirl_Coding,GaloisGirl_Coding/d13b.cob,SB000078,DEAD_CODE_AFTER_STOP_RUN,MEDIUM,T_DEAD_01,AFTER-STOP-RUN,47,47,42,COBUG_STATIC_V1
GaloisGirl_Coding,GaloisGirl_Coding/d04a.cob,SB000079,UNUSED_DATA_ITEM,LOW,T_UNUSED_01,WORKING-STORAGE,17,17,42,COBUG_STATIC_V1
GaloisGirl_Coding,GaloisGirl_Coding/d22a.cob,SB000080,DEAD_CODE_AFTER_STOP_RUN,MEDIUM,T_DEAD_01,AFTER-STOP-RUN,47,47,42,COBUG_STATIC_V1
GaloisGirl_Coding,GaloisGirl_Coding/d22a.cob,SB000081,REDUNDANT_GOTO,MEDIUM,T_GOTO_01,PROCEDURE-DIVISION,39,46,42,COBUG_STATIC_V1
GaloisGirl_Coding,GaloisGirl_Coding/d02a.cob,SB000082,UNDECLARED_IDENTIFIER_REFERENCE,HIGH,T_UNDECL_01,PROCEDURE-DIVISION,26,26,42,COBUG_STATIC_V1
GaloisGirl_Coding,GaloisGirl_Coding/d02a.cob,SB000083,DEAD_CODE_AFTER_STOP_RUN,MEDIUM,T_DEAD_01,AFTER-STOP-RUN,36,36,42,COBUG_STATIC_V1
GaloisGirl_Coding,GaloisGirl_Coding/d11a.cob,SB000084,REDUNDANT_GOTO,MEDIUM,T_GOTO_01,PROCEDURE-DIVISION,35,42,42,COBUG_STATIC_V1
GaloisGirl_Coding,GaloisGirl_Coding/d11a.cob,SB000085,DEAD_CODE_AFTER_STOP_RUN,MEDIUM,T_DEAD_01,AFTER-STOP-RUN,52,52,42,COBUG_STATIC_V1
GaloisGirl_Coding,GaloisGirl_Coding/d14a.cob,SB000086,REDUNDANT_GOTO,MEDIUM,T_GOTO_01,PROCEDURE-DIVISION,33,40,42,COBUG_STATIC_V1
GaloisGirl_Coding,GaloisGirl_Coding/d14a.cob,SB000087,UNUSED_DATA_ITEM,LOW,T_UNUSED_01,WORKING-STORAGE,18,18,42,COBUG_STATIC_V1
GaloisGirl_Coding,GaloisGirl_Coding/d03b.cob,SB000088,UNDECLARED_IDENTIFIER_REFERENCE,HIGH,T_UNDECL_01,PROCEDURE-DIVISION,29,29,42,COBUG_STATIC_V1
GaloisGirl_Coding,GaloisGirl_Coding/d03b.cob,SB000089,UNUSED_DATA_ITEM,LOW,T_UNUSED_01,WORKING-STORAGE,15,15,42,COBUG_STATIC_V1
GaloisGirl_Coding,GaloisGirl_Coding/d06a.cob,SB000090,REDUNDANT_GOTO,MEDIUM,T_GOTO_01,PROCEDURE-DIVISION,26,33,42,COBUG_STATIC_V1
GaloisGirl_Coding,GaloisGirl_Coding/d09a.cob,SB000091,MISSING_ELSE_FOR_CRITICAL_CHECK,LOW,T_MELSE_01,PROCEDURE-DIVISION,29,32,42,COBUG_STATIC_V1
GaloisGirl_Coding,GaloisGirl_Coding/d16a.cob,SB000092,DEAD_CODE_AFTER_STOP_RUN,MEDIUM,T_DEAD_01,AFTER-STOP-RUN,54,54,42,COBUG_STATIC_V1
GaloisGirl_Coding,GaloisGirl_Coding/d16a.cob,SB000093,REDUNDANT_GOTO,MEDIUM,T_GOTO_01,PROCEDURE-DIVISION,47,54,42,COBUG_STATIC_V1
GaloisGirl_Coding,GaloisGirl_Coding/d07a.cob,SB000094,UNUSED_DATA_ITEM,LOW,T_UNUSED_01,WORKING-STORAGE,18,18,42,COBUG_STATIC_V1
GaloisGirl_Coding,GaloisGirl_Coding/d07a.cob,SB000095,DEAD_CODE_AFTER_STOP_RUN,MEDIUM,T_DEAD_01,AFTER-STOP-RUN,39,39,42,COBUG_STATIC_V1
GaloisGirl_Coding,GaloisGirl_Coding/d05b.cob,SB000096,MISSING_ELSE_FOR_CRITICAL_CHECK,LOW,T_MELSE_01,PROCEDURE-DIVISION,26,29,42,COBUG_STATIC_V1
GaloisGirl_Coding,GaloisGirl_Coding/d05b.cob,SB000097,UNUSED_DATA_ITEM,LOW,T_UNUSED_01,WORKING-STORAGE,15,15,42,COBUG_STATIC_V1
GaloisGirl_Coding,GaloisGirl_Coding/d09b.cob,SB000098,MISSING_ELSE_FOR_CRITICAL_CHECK,LOW,T_MELSE_01,PROCEDURE-DIVISION,38,41,42,COBUG_STATIC_V1
GaloisGirl_Coding,GaloisGirl_Coding/d09b.cob,SB000099,UNUSED_DATA_ITEM,LOW,T_UNUSED_01,WORKING-STORAGE,18,18,42,COBUG_STATIC_V1
GaloisGirl_Coding,GaloisGirl_Coding/d01b.cob,SB000100,UNDECLARED_IDENTIFIER_REFERENCE,HIGH,T_UNDECL_01,PROCEDURE-DIVISION,27,27,42,COBUG_STATIC_V1
GaloisGirl_Coding,GaloisGirl_Coding/d01b.cob,SB000101,UNUSED_DATA_ITEM,LOW,T_UNUSED_01,WORKING-STORAGE,17,17,42,COBUG_STATIC_V1
GaloisGirl_Coding,GaloisGirl_Coding/d17b.cob,SB000102,UNDECLARED_IDENTIFIER_REFERENCE,HIGH,T_UNDECL_01,PROCEDURE-DIVISION,24,24,42,COBUG_STATIC_V1
bhbandam_AZ-Legacy-Engineering,bhbandam_AZ-Legacy-Engineering/wtiaddc.cbl,SB000103,REDUNDANT_GOTO,MEDIUM,T_GOTO_01,PROCEDURE-DIVISION,127,134,42,COBUG_STATIC_V1
bhbandam_AZ-Legacy-Engineering,bhbandam_AZ-Legacy-Engineering/wbgetbal.cbl,SB000104,UNDECLARED_IDENTIFIER_REFERENCE,HIGH,T_UNDECL_01,PROCEDURE-DIVISION,124,124,42,COBUG_STATIC_V1
bhbandam_AZ-Legacy-Engineering,bhbandam_AZ-Legacy-Engineering/wbgetbal.cbl,SB000105,MISSING_ELSE_FOR_CRITICAL_CHECK,LOW,T_MELSE_01,PROCEDURE-DIVISION,126,129,42,COBUG_STATIC_V1
bhbandam_AZ-Legacy-Engineering,bhbandam_AZ-Legacy-Engineering/mscmtics.cbl,SB000106,UNUSED_DATA_ITEM,LOW,T_UNUSED_01,WORKING-STORAGE,5,5,42,COBUG_STATIC_V1
bhbandam_AZ-Legacy-Engineering,bhbandam_AZ-Legacy-Engineering/mscmtics.cbl,SB000107,UNDECLARED_IDENTIFIER_REFERENCE,HIGH,T_UNDECL_01,PROCEDURE-DIVISION,316,316,42,COBUG_STATIC_V1
bhbandam_AZ-Legacy-Engineering,bhbandam_AZ-Legacy-Engineering/wtiscusi.cbl,SB000108,REDUNDANT_GOTO,MEDIUM,T_GOTO_01,PROCEDURE-DIVISION,127,134,42,COBUG_STATIC_V1
bhbandam_AZ-Legacy-Engineering,bhbandam_AZ-Legacy-Engineering/wtiscusi.cbl,SB000109,MISSING_ELSE_FOR_CRITICAL_CHECK,LOW,T_MELSE_01,PROCEDURE-DIVISION,129,132,42,COBUG_STATIC_V1
bhbandam_AZ-Legacy-Engineering,bhbandam_AZ-Legacy-Engineering/wbgcash.cbl,SB000110,MISSING_ELSE_FOR_CRITICAL_CHECK,LOW,T_MELSE_01,PROCEDURE-DIVISION,136,139,42,COBUG_STATIC_V1
bhbandam_AZ-Legacy-Engineering,bhbandam_AZ-Legacy-Engineering/wtiadda.cbl,SB000111,UNUSED_DATA_ITEM,LOW,T_UNUSED_01,WORKING-STORAGE,17,17,42,COBUG_STATIC_V1
bhbandam_AZ-Legacy-Engineering,bhbandam_AZ-Legacy-Engineering/wgrvadda.cbl,SB000112,UNUSED_DATA_ITEM,LOW,T_UNUSED_01,WORKING-STORAGE,22,22,42,COBUG_STATIC_V1
bhbandam_AZ-Legacy-Engineering,bhbandam_AZ-Legacy-Engineering/wgrvaddc.cbl,SB000113,UNUSED_DATA_ITEM,LOW,T_UNUSED_01,WORKING-STORAGE,22,22,42,COBUG_STATIC_V1
bhbandam_AZ-Legacy-Engineering,bhbandam_AZ-Legacy-Engineering/wgrvaddc.cbl,SB000114,UNDECLARED_IDENTIFIER_REFERENCE,HIGH,T_UNDECL_01,PROCEDURE-DIVISION,117,117,42,COBUG_STATIC_V1
bhbandam_AZ-Legacy-Engineering,bhbandam_AZ-Legacy-Engineering/wgrvgbal.cbl,SB000115,UNUSED_DATA_ITEM,LOW,T_UNUSED_01,WORKING-STORAGE,22,22,42,COBUG_STATIC_V1
bhbandam_AZ-Legacy-Engineering,bhbandam_AZ-Legacy-Engineering/wbgstmt.cbl,SB000116,REDUNDANT_GOTO,MEDIUM,T_GOTO_01,PROCEDURE-DIVISION,135,142,42,COBUG_STATIC_V1
bhbandam_AZ-Legacy-Engineering,bhbandam_AZ-Legacy-Engineering/wbgstmt.cbl,SB000117,MISSING_ELSE_FOR_CRITICAL_CHECK,LOW,T_MELSE_01,PROCEDURE-DIVISION,137,140,42,COBUG_STATIC_V1
bhbandam_AZ-Legacy-Engineering,bhbandam_AZ-Legacy-Engineering/wbxfer.cbl,SB000118,UNDECLARED_IDENTIFIER_REFERENCE,HIGH,T_UNDECL_01,PROCEDURE-DIVISION,162,162,42,COBUG_STATIC_V1
bhbandam_AZ-Legacy-Engineering,bhbandam_AZ-Legacy-Engineering/wgrvgacc.cbl,SB000119,UNDECLARED_IDENTIFIER_REFERENCE,HIGH,T_UNDECL_01,PROCEDURE-DIVISION,102,102,42,COBUG_STATIC_V1
bhbandam_AZ-Legacy-Engineering,bhbandam_AZ-Legacy-Engineering/wgrvgacc.cbl,SB000120,MISSING_ELSE_FOR_CRITICAL_CHECK,LOW,T_MELSE_01,PROCEDURE-DIVISION,104,107,42,COBUG_STATIC_V1
bhbandam_AZ-Legacy-Engineering,bhbandam_AZ-Legacy-Engineering/wgrvgdet.cbl,SB000121,UNUSED_DATA_ITEM,LOW,T_UNUSED_01,WORKING-STORAGE,22,22,42,COBUG_STATIC_V1
bhbandam_AZ-Legacy-Engineering,bhbandam_AZ-Legacy-Engineering/wbvalusr.cbl,SB000122,MISSING_ELSE_FOR_CRITICAL_CHECK,LOW,T_MELSE_01,PROCEDURE-DIVISION,127,130,42,COBUG_STATIC_V1
bhbandam_AZ-Legacy-Engineering,bhbandam_AZ-Legacy-Engineering/wbvalusr.cbl,SB000123,UNUSED_DATA_ITEM,LOW,T_UNUSED_01,WORKING-STORAGE,19,19,42,COBUG_STATIC_V1
bhbandam_AZ-Legacy-Engineering,bhbandam_AZ-Legacy-Engineering/wtigstmt.cbl,SB000124,REDUNDANT_GOTO,MEDIUM,T_GOTO_01,PROCEDURE-DIVISION,132,139,42,COBUG_STATIC_V1
bhbandam_AZ-Legacy-Engineering,bhbandam_AZ-Legacy-Engineering/wtigacc.cbl,SB000125,UNDECLARED_IDENTIFIER_REFERENCE,HIGH,T_UNDECL_01,PROCEDURE-DIVISION,145,145,42,COBUG_STATIC_V1
bhbandam_AZ-Legacy-Engineering,bhbandam_AZ-Legacy-Engineering/wgrvcusl.cbl,SB000126,MISSING_ELSE_FOR_CRITICAL_CHECK,LOW,T_MELSE_01,PROCEDURE-DIVISION,127,130,42,COBUG_STATIC_V1
bhbandam_AZ-Legacy-Engineering,bhbandam_AZ-Legacy-Engineering/wgrvgcus.cbl,SB000127,UNUSED_DATA_ITEM,LOW,T_UNUSED_01,WORKING-STORAGE,22,22,42,COBUG_STATIC_V1
bhbandam_AZ-Legacy-Engineering,bhbandam_AZ-Legacy-Engineering/wgrvgcus.cbl,SB000128,MISSING_ELSE_FOR_CRITICAL_CHECK,LOW,T_MELSE_01,PROCEDURE-DIVISION,106,109,42,COBUG_STATIC_V1
bhbandam_AZ-Legacy-Engineering,bhbandam_AZ-Legacy-Engineering/wtigcusi.cbl,SB000129,REDUNDANT_GOTO,MEDIUM,T_GOTO_01,PROCEDURE-DIVISION,117,124,42,COBUG_STATIC_V1
bhbandam_AZ-Legacy-Engineering,bhbandam_AZ-Legacy-Engineering/wtigcusi.cbl,SB000130,UNUSED_DATA_ITEM,LOW,T_UNUSED_01,WORKING-STORAGE,17,17,42,COBUG_STATIC_V1
bhbandam_AZ-Legacy-Engineering,bhbandam_AZ-Legacy-Engineering/wtigbal.cbl,SB000131,MISSING_ELSE_FOR_CRITICAL_CHECK,LOW,T_MELSE_01,PROCEDURE-DIVISION,113,116,42,COBUG_STATIC_V1
bhbandam_AZ-Legacy-Engineering,bhbandam_AZ-Legacy-Engineering/wtigbal.cbl,SB000132,REDUNDANT_GOTO,MEDIUM,T_GOTO_01,PROCEDURE-DIVISION,113,120,42,COBUG_STATIC_V1
bhbandam_AZ-Legacy-Engineering,bhbandam_AZ-Legacy-Engineering/wbgetacc.cbl,SB000133,UNDECLARED_IDENTIFIER_REFERENCE,HIGH,T_UNDECL_01,PROCEDURE-DIVISION,127,127,42,COBUG_STATIC_V1
bhbandam_AZ-Legacy-Engineering,bhbandam_AZ-Legacy-Engineering/wbgetacc.cbl,SB000134,REDUNDANT_GOTO,MEDIUM,T_GOTO_01,PROCEDURE-DIVISION,127,134,42,COBUG_STATIC_V1
IBM_example-health-apis,IBM_example-health-apis/HCMABA01.cbl,SB000135,UNUSED_DATA_ITEM,LOW,T_UNUSED_01,WORKING-STORAGE,31,31,42,COBUG_STATIC_V1
IBM_example-health-apis,IBM_example-health-apis/HCMABA01.cbl,SB000136,UNDECLARED_IDENTIFIER_REFERENCE,HIGH,T_UNDECL_01,PROCEDURE-DIVISION,73,73,42,COBUG_STATIC_V1
IBM_example-health-apis,IBM_example-health-apis/HCV1BA01.cbl,SB000137,UNDECLARED_IDENTIFIER_REFERENCE,HIGH,T_UNDECL_01,PROCEDURE-DIVISION,70,70,42,COBUG_STATIC_V1
IBM_example-health-apis,IBM_example-health-apis/HCV1BA01.cbl,SB000138,MISSING_ELSE_FOR_CRITICAL_CHECK,LOW,T_MELSE_01,PROCEDURE-DIVISION,72,75,42,COBUG_STATIC_V1
IBM_example-health-apis,IBM_example-health-apis/HCAZERRS.cbl,SB000139,UNUSED_DATA_ITEM,LOW,T_UNUSED_01,WORKING-STORAGE,23,23,42,COBUG_STATIC_V1
IBM_example-health-apis,IBM_example-health-apis/HCP1BI01.cbl,SB000140,MISSING_ELSE_FOR_CRITICAL_CHECK,LOW,T_MELSE_01,PROCEDURE-DIVISION,70,73,42,COBUG_STATIC_V1
IBM_example-health-apis,IBM_example-health-apis/HCP1BA01.cbl,SB000141,UNDECLARED_IDENTIFIER_REFERENCE,HIGH,T_UNDECL_01,PROCEDURE-DIVISION,67,67,42,COBUG_STATIC_V1
IBM_example-health-apis,IBM_example-health-apis/HCP1BA01.cbl,SB000142,MISSING_ELSE_FOR_CRITICAL_CHECK,LOW,T_MELSE_01,PROCEDURE-DIVISION,69,72,42,COBUG_STATIC_V1
IBM_example-health-apis,IBM_example-health-apis/HCIPDB01.cbl,SB000143,UNDECLARED_IDENTIFIER_REFERENCE,HIGH,T_UNDECL_01,PROCEDURE-DIVISION,90,90,42,COBUG_STATIC_V1
IBM_example-health-apis,IBM_example-health-apis/HCIPDB01.cbl,SB000144,MISSING_ELSE_FOR_CRITICAL_CHECK,LOW,T_MELSE_01,PROCEDURE-DIVISION,92,95,42,COBUG_STATIC_V1
IBM_example-health-apis,IBM_example-health-apis/HCT1PL01.cbl,SB000145,UNUSED_DATA_ITEM,LOW,T_UNUSED_01,WORKING-STORAGE,32,32,42,COBUG_STATIC_V1
IBM_example-health-apis,IBM_example-health-apis/HCV1BI01.cbl,SB000146,MISSING_ELSE_FOR_CRITICAL_CHECK,LOW,T_MELSE_01,PROCEDURE-DIVISION,74,77,42,COBUG_STATIC_V1
IBM_example-health-apis,IBM_example-health-apis/HCV1BI01.cbl,SB000147,REDUNDANT_GOTO,MEDIUM,T_GOTO_01,PROCEDURE-DIVISION,74,81,42,COBUG_STATIC_V1
IBM_example-health-apis,IBM_example-health-apis/HCV1PL01.cbl,SB000148,REDUNDANT_GOTO,MEDIUM,T_GOTO_01,PROCEDURE-DIVISION,48,55,42,COBUG_STATIC_V1
IBM_example-health-apis,IBM_example-health-apis/HCAPDB02.cbl,SB000149,MISSING_ELSE_FOR_CRITICAL_CHECK,LOW,T_MELSE_01,PROCEDURE-DIVISION,99,102,42,COBUG_STATIC_V1
IBM_example-health-apis,IBM_example-health-apis/HCMAPL01.cbl,SB000150,MISSING_ELSE_FOR_CRITICAL_CHECK,LOW,T_MELSE_01,PROCEDURE-DIVISION,44,47,42,COBUG_STATIC_V1
IBM_example-health-apis,IBM_example-health-apis/HCITDB01.cbl,SB000151,MISSING_ELSE_FOR_CRITICAL_CHECK,LOW,T_MELSE_01,PROCEDURE-DIVISION,91,94,42,COBUG_STATIC_V1
IBM_example-health-apis,IBM_example-health-apis/HCM1PL01.cbl,SB000152,UNDECLARED_IDENTIFIER_REFERENCE,HIGH,T_UNDECL_01,PROCEDURE-DIVISION,59,59,42,COBUG_STATIC_V1
IBM_example-health-apis,IBM_example-health-apis/HCM1PL01.cbl,SB000153,UNUSED_DATA_ITEM,LOW,T_UNUSED_01,WORKING-STORAGE,29,29,42,COBUG_STATIC_V1
IBM_example-health-apis,IBM_example-health-apis/HCAVDB01.cbl,SB000154,REDUNDANT_GOTO,MEDIUM,T_GOTO_01,PROCEDURE-DIVISION,96,103,42,COBUG_STATIC_V1
IBM_example-health-apis,IBM_example-health-apis/HCMADB01.cbl,SB000155,REDUNDANT_GOTO,MEDIUM,T_GOTO_01,PROCEDURE-DIVISION,97,104,42,COBUG_STATIC_V1
IBM_example-health-apis,IBM_example-health-apis/HCTRESTW.cbl,SB000156,REDUNDANT_GOTO,MEDIUM,T_GOTO_01,PROCEDURE-DIVISION,81,88,42,COBUG_STATIC_V1
IBM_example-health-apis,IBM_example-health-apis/HCTRESTW.cbl,SB000157,UNUSED_DATA_ITEM,LOW,T_UNUSED_01,WORKING-STORAGE,24,24,42,COBUG_STATIC_V1
IBM_example-health-apis,IBM_example-health-apis/HCM1BI01.cbl,SB000158,MISSING_ELSE_FOR_CRITICAL_CHECK,LOW,T_MELSE_01,PROCEDURE-DIVISION,73,76,42,COBUG_STATIC_V1
IBM_example-health-apis,IBM_example-health-apis/HCM1BI01.cbl,SB000159,UNUSED_DATA_ITEM,LOW,T_UNUSED_01,WORKING-STORAGE,33,33,42,COBUG_STATIC_V1
IBM_example-health-apis,IBM_example-health-apis/HCMADB02.cbl,SB000160,UNDECLARED_IDENTIFIER_REFERENCE,HIGH,T_UNDECL_01,PROCEDURE-DIVISION,118,118,42,COBUG_STATIC_V1
IBM_example-health-apis,IBM_example-health-apis/HCP1BU01.cbl,SB000161,UNDECLARED_IDENTIFIER_REFERENCE,HIGH,T_UNDECL_01,PROCEDURE-DIVISION,113,113,42,COBUG_STATIC_V1
IBM_example-health-apis,IBM_example-health-apis/HCP1BU01.cbl,SB000162,UNUSED_DATA_ITEM,LOW,T_UNUSED_01,WORKING-STORAGE,32,32,42,COBUG_STATIC_V1
IBM_example-health-apis,IBM_example-health-apis/HCP1PL01.cbl,SB000163,REDUNDANT_GOTO,MEDIUM,T_GOTO_01,PROCEDURE-DIVISION,46,53,42,COBUG_STATIC_V1
IBM_example-health-apis,IBM_example-health-apis/HCP1PL01.cbl,SB000164,MISSING_ELSE_FOR_CRITICAL_CHECK,LOW,T_MELSE_01,PROCEDURE-DIVISION,48,51,42,COBUG_STATIC_V1
IBM_example-health-apis,IBM_example-health-apis/HCIMDB01.cbl,SB000165,UNDECLARED_IDENTIFIER_REFERENCE,HIGH,T_UNDECL_01,PROCEDURE-DIVISION,93,93,42,COBUG_STATIC_V1
IBM_example-health-apis,IBM_example-health-apis/HCAPDB01.cbl,SB000166,MISSING_ELSE_FOR_CRITICAL_CHECK,LOW,T_MELSE_01,PROCEDURE-DIVISION,99,102,42,COBUG_STATIC_V1
IBM_example-health-apis,IBM_example-health-apis/HCAPDB01.cbl,SB000167,UNDECLARED_IDENTIFIER_REFERENCE,HIGH,T_UNDECL_01,PROCEDURE-DIVISION,99,99,42,COBUG_STATIC_V1
IBM_example-health-apis,IBM_example-health-apis/HCATDB01.cbl,SB000168,UNDECLARED_IDENTIFIER_REFERENCE,HIGH,T_UNDECL_01,PROCEDURE-DIVISION,91,91,42,COBUG_STATIC_V1
IBM_example-health-apis,IBM_example-health-apis/HCATDB01.cbl,SB000169,REDUNDANT_GOTO,MEDIUM,T_GOTO_01,PROCEDURE-DIVISION,91,98,42,COBUG_STATIC_V1
IBM_example-health-apis,IBM_example-health-apis/HCAZMENU.cbl,SB000170,REDUNDANT_GOTO,MEDIUM,T_GOTO_01,PROCEDURE-DIVISION,35,42,42,COBUG_STATIC_V1
IBM_example-health-apis,IBM_example-health-apis/HCPRESTW.cbl,SB000171,UNDECLARED_IDENTIFIER_REFERENCE,HIGH,T_UNDECL_01,PROCEDURE-DIVISION,81,81,42,COBUG_STATIC_V1
IBM_example-health-apis,IBM_example-health-apis/HCPRESTW.cbl,SB000172,MISSING_ELSE_FOR_CRITICAL_CHECK,LOW,T_MELSE_01,PROCEDURE-DIVISION,83,86,42,COBUG_STATIC_V1
IBM_example-health-apis,IBM_example-health-apis/HCMRESTW.cbl,SB000173,UNUSED_DATA_ITEM,LOW,T_UNUSED_01,WORKING-STORAGE,23,23,42,COBUG_STATIC_V1
IBM_example-health-apis,IBM_example-health-apis/HCMRESTW.cbl,SB000174,MISSING_ELSE_FOR_CRITICAL_CHECK,LOW,T_MELSE_01,PROCEDURE-DIVISION,92,95,42,COBUG_STATIC_V1
IBM_example-health-apis,IBM_example-health-apis/HCIVDB01.cbl,SB000175,UNDECLARED_IDENTIFIER_REFERENCE,HIGH,T_UNDECL_01,PROCEDURE-DIVISION,93,93,42,COBUG_STATIC_V1
IBM_example-health-apis,IBM_example-health-apis/HCT1BA01.cbl,SB000176,UNDECLARED_IDENTIFIER_REFERENCE,HIGH,T_UNDECL_01,PROCEDURE-DIVISION,71,71,42,COBUG_STATIC_V1
IBM_example-health-apis,IBM_example-health-apis/HCT1BA01.cbl,SB000177,REDUNDANT_GOTO,MEDIUM,T_GOTO_01,PROCEDURE-DIVISION,71,78,42,COBUG_STATIC_V1
IBM_example-health-apis,IBM_example-health-apis/HCT1BI01.cbl,SB000178,UNDECLARED_IDENTIFIER_REFERENCE,HIGH,T_UNDECL_01,PROCEDURE-DIVISION,67,67,42,COBUG_STATIC_V1
IBM_example-health-apis,IBM_example-health-apis/HCT1BI01.cbl,SB000179,MISSING_ELSE_FOR_CRITICAL_CHECK,LOW,T_MELSE_01,PROCEDURE-DIVISION,69,72,42,COBUG_STATIC_V1
ve3wwg_cobcurses,ve3wwg_cobcurses/unloadtm.cob,SB000180,UNDECLARED_IDENTIFIER_REFERENCE,HIGH,T_UNDECL_01,PROCEDURE-DIVISION,45,45,42,COBUG_STATIC_V1
ve3wwg_cobcurses,ve3wwg_cobcurses/sdgenfiles.cob,SB000181,REDUNDANT_GOTO,MEDIUM,T_GOTO_01,PROCEDURE-DIVISION,57,64,42,COBUG_STATIC_V1
ve3wwg_cobcurses,ve3wwg_cobcurses/sdgenfiles.cob,SB000182,UNDECLARED_IDENTIFIER_REFERENCE,HIGH,T_UNDECL_01,PROCEDURE-DIVISION,57,57,42,COBUG_STATIC_V1
ve3wwg_cobcurses,ve3wwg_cobcurses/test008.cob,SB000183,REDUNDANT_GOTO,MEDIUM,T_GOTO_01,PROCEDURE-DIVISION,34,41,42,COBUG_STATIC_V1
ve3wwg_cobcurses,ve3wwg_cobcurses/test008.cob,SB000184,MISSING_ELSE_FOR_CRITICAL_CHECK,LOW,T_MELSE_01,PROCEDURE-DIVISION,36,39,42,COBUG_STATIC_V1
ve3wwg_cobcurses,ve3wwg_cobcurses/cobcurses_format_comp1.cob,SB000185,UNUSED_DATA_ITEM,LOW,T_UNUSED_01,WORKING-STORAGE,16,16,42,COBUG_STATIC_V1
ve3wwg_cobcurses,ve3wwg_cobcurses/test002.cob,SB000186,REDUNDANT_GOTO,MEDIUM,T_GOTO_01,PROCEDURE-DIVISION,45,52,42,COBUG_STATIC_V1
ve3wwg_cobcurses,ve3wwg_cobcurses/test002.cob,SB000187,UNUSED_DATA_ITEM,LOW,T_UNUSED_01,WORKING-STORAGE,28,28,42,COBUG_STATIC_V1
ve3wwg_cobcurses,ve3wwg_cobcurses/sd002050.cob,SB000188,UNUSED_DATA_ITEM,LOW,T_UNUSED_01,WORKING-STORAGE,41,41,42,COBUG_STATIC_V1
ve3wwg_cobcurses,ve3wwg_cobcurses/test011.cob,SB000189,UNUSED_DATA_ITEM,LOW,T_UNUSED_01,WORKING-STORAGE,24,24,42,COBUG_STATIC_V1
ve3wwg_cobcurses,ve3wwg_cobcurses/test011.cob,SB000190,MISSING_ELSE_FOR_CRITICAL_CHECK,LOW,T_MELSE_01,PROCEDURE-DIVISION,50,53,42,COBUG_STATIC_V1
ve3wwg_cobcurses,ve3wwg_cobcurses/cobcurses_sci_notation_comp_1.cob,SB000191,UNUSED_DATA_ITEM,LOW,T_UNUSED_01,WORKING-STORAGE,34,34,42,COBUG_STATIC_V1
ve3wwg_cobcurses,ve3wwg_cobcurses/template_screen.cob,SB000192,UNUSED_DATA_ITEM,LOW,T_UNUSED_01,WORKING-STORAGE,40,40,42,COBUG_STATIC_V1
ve3wwg_cobcurses,ve3wwg_cobcurses/cobcurses_menu_sd_menu_items.cob,SB000193,UNUSED_DATA_ITEM,LOW,T_UNUSED_01,WORKING-STORAGE,30,30,42,COBUG_STATIC_V1
ve3wwg_cobcurses,ve3wwg_cobcurses/sd002000.cob,SB000194,DEAD_CODE_AFTER_STOP_RUN,MEDIUM,T_DEAD_01,AFTER-STOP-RUN,23,23,42,COBUG_STATIC_V1
ve3wwg_cobcurses,ve3wwg_cobcurses/sd002000.cob,SB000195,MISSING_ELSE_FOR_CRITICAL_CHECK,LOW,T_MELSE_01,PROCEDURE-DIVISION,17,20,42,COBUG_STATIC_V1
ve3wwg_cobcurses,ve3wwg_cobcurses/loadtm.cob,SB000196,UNDECLARED_IDENTIFIER_REFERENCE,HIGH,T_UNDECL_01,PROCEDURE-DIVISION,46,46,42,COBUG_STATIC_V1
ve3wwg_cobcurses,ve3wwg_cobcurses/loadtm.cob,SB000197,MISSING_ELSE_FOR_CRITICAL_CHECK,LOW,T_MELSE_01,PROCEDURE-DIVISION,48,51,42,COBUG_STATIC_V1
ve3wwg_cobcurses,ve3wwg_cobcurses/sd002040.cob,SB000198,UNUSED_DATA_ITEM,LOW,T_UNUSED_01,WORKING-STORAGE,45,45,42,COBUG_STATIC_V1
ve3wwg_cobcurses,ve3wwg_cobcurses/assoc_api.cob,SB000199,UNUSED_DATA_ITEM,LOW,T_UNUSED_01,WORKING-STORAGE,19,19,42,COBUG_STATIC_V1
ve3wwg_cobcurses,ve3wwg_cobcurses/assoc_api.cob,SB000200,REDUNDANT_GOTO,MEDIUM,T_GOTO_01,PROCEDURE-DIVISION,284,291,42,COBUG_STATIC_V1
ve3wwg_cobcurses,ve3wwg_cobcurses/sd002080.cob,SB000201,UNUSED_DATA_ITEM,LOW,T_UNUSED_01,WORKING-STORAGE,29,29,42,COBUG_STATIC_V1
ve3wwg_cobcurses,ve3wwg_cobcurses/cobcurses_edit_comp1.cob,SB000202,UNUSED_DATA_ITEM,LOW,T_UNUSED_01,WORKING-STORAGE,6,6,42,COBUG_STATIC_V1
ve3wwg_cobcurses,ve3wwg_cobcurses/EDPR010.cob,SB000203,UNUSED_DATA_ITEM,LOW,T_UNUSED_01,WORKING-STORAGE,14,14,42,COBUG_STATIC_V1
ve3wwg_cobcurses,ve3wwg_cobcurses/testcurses.cob,SB000204,MISSING_ELSE_FOR_CRITICAL_CHECK,LOW,T_MELSE_01,PROCEDURE-DIVISION,19,22,42,COBUG_STATIC_V1
ve3wwg_cobcurses,ve3wwg_cobcurses/cobcurses_format_comp2.cob,SB000205,UNUSED_DATA_ITEM,LOW,T_UNUSED_01,WORKING-STORAGE,10,10,42,COBUG_STATIC_V1
ve3wwg_cobcurses,ve3wwg_cobcurses/sd002085.cob,SB000206,UNUSED_DATA_ITEM,LOW,T_UNUSED_01,WORKING-STORAGE,41,41,42,COBUG_STATIC_V1
ve3wwg_cobcurses,ve3wwg_cobcurses/cobcurses_menu_sd_menus.cob,SB000207,UNUSED_DATA_ITEM,LOW,T_UNUSED_01,WORKING-STORAGE,29,29,42,COBUG_STATIC_V1
ve3wwg_cobcurses,ve3wwg_cobcurses/test010.cob,SB000208,REDUNDANT_GOTO,MEDIUM,T_GOTO_01,PROCEDURE-DIVISION,31,38,42,COBUG_STATIC_V1
ve3wwg_cobcurses,ve3wwg_cobcurses/sd002070.cob,SB000209,UNUSED_DATA_ITEM,LOW,T_UNUSED_01,WORKING-STORAGE,34,34,42,COBUG_STATIC_V1
ve3wwg_cobcurses,ve3wwg_cobcurses/test004.cob,SB000210,UNDECLARED_IDENTIFIER_REFERENCE,HIGH,T_UNDECL_01,PROCEDURE-DIVISION,84,84,42,COBUG_STATIC_V1
ve3wwg_cobcurses,ve3wwg_cobcurses/test012.cob,SB000211,MISSING_ELSE_FOR_CRITICAL_CHECK,LOW,T_MELSE_01,PROCEDURE-DIVISION,48,51,42,COBUG_STATIC_V1
ve3wwg_cobcurses,ve3wwg_cobcurses/sdgenerate.cob,SB000212,UNDECLARED_IDENTIFIER_REFERENCE,HIGH,T_UNDECL_01,PROCEDURE-DIVISION,104,104,42,COBUG_STATIC_V1
ve3wwg_cobcurses,ve3wwg_cobcurses/cobcurses_edit_comp2.cob,SB000213,UNUSED_DATA_ITEM,LOW,T_UNUSED_01,WORKING-STORAGE,6,6,42,COBUG_STATIC_V1
ve3wwg_cobcurses,ve3wwg_cobcurses/cobcurses_ecvt_comp_1.cob,SB000214,UNUSED_DATA_ITEM,LOW,T_UNUSED_01,WORKING-STORAGE,36,36,42,COBUG_STATIC_V1
ve3wwg_cobcurses,ve3wwg_cobcurses/cobcurses_menu_sd_charsets.cob,SB000215,UNUSED_DATA_ITEM,LOW,T_UNUSED_01,WORKING-STORAGE,29,29,42,COBUG_STATIC_V1
ve3wwg_cobcurses,ve3wwg_cobcurses/test007.cob,SB000216,MISSING_ELSE_FOR_CRITICAL_CHECK,LOW,T_MELSE_01,PROCEDURE-DIVISION,40,43,42,COBUG_STATIC_V1
ve3wwg_cobcurses,ve3wwg_cobcurses/3270test.cob,SB000217,MISSING_ELSE_FOR_CRITICAL_CHECK,LOW,T_MELSE_01,PROCEDURE-DIVISION,34,37,42,COBUG_STATIC_V1
ve3wwg_cobcurses,ve3wwg_cobcurses/test001.cob,SB000218,UNDECLARED_IDENTIFIER_REFERENCE,HIGH,T_UNDECL_01,PROCEDURE-DIVISION,44,44,42,COBUG_STATIC_V1
ve3wwg_cobcurses,ve3wwg_cobcurses/cobcurses_menu_sd_fields.cob,SB000219,UNUSED_DATA_ITEM,LOW,T_UNUSED_01,WORKING-STORAGE,30,30,42,COBUG_STATIC_V1
ve3wwg_cobcurses,ve3wwg_cobcurses/cobcurses_menu_sd_mrefs.cob,SB000220,UNUSED_DATA_ITEM,LOW,T_UNUSED_01,WORKING-STORAGE,40,40,42,COBUG_STATIC_V1
ve3wwg_cobcurses,ve3wwg_cobcurses/libcobcurses.cob,SB000221,MISSING_ELSE_FOR_CRITICAL_CHECK,LOW,T_MELSE_01,PROCEDURE-DIVISION,178,181,42,COBUG_STATIC_V1
ve3wwg_cobcurses,ve3wwg_cobcurses/libcobcurses.cob,SB000222,REDUNDANT_GOTO,MEDIUM,T_GOTO_01,PROCEDURE-DIVISION,178,185,42,COBUG_STATIC_V1
ve3wwg_cobcurses,ve3wwg_cobcurses/libcobcurses_codegen.cob,SB000223,UNUSED_DATA_ITEM,LOW,T_UNUSED_01,WORKING-STORAGE,113,113,42,COBUG_STATIC_V1
ve3wwg_cobcurses,ve3wwg_cobcurses/init-cobc.cob,SB000224,UNDECLARED_IDENTIFIER_REFERENCE,HIGH,T_UNDECL_01,PROCEDURE-DIVISION,137,137,42,COBUG_STATIC_V1
ve3wwg_cobcurses,ve3wwg_cobcurses/init-cobc.cob,SB000225,REDUNDANT_GOTO,MEDIUM,T_GOTO_01,PROCEDURE-DIVISION,137,144,42,COBUG_STATIC_V1
ve3wwg_cobcurses,ve3wwg_cobcurses/sd002035.cob,SB000226,UNUSED_DATA_ITEM,LOW,T_UNUSED_01,WORKING-STORAGE,35,35,42,COBUG_STATIC_V1
ve3wwg_cobcurses,ve3wwg_cobcurses/test009.cob,SB000227,DEAD_CODE_AFTER_STOP_RUN,MEDIUM,T_DEAD_01,AFTER-STOP-RUN,39,39,42,COBUG_STATIC_V1
ve3wwg_cobcurses,ve3wwg_cobcurses/sdbackup.cob,SB000228,UNUSED_DATA_ITEM,LOW,T_UNUSED_01,WORKING-STORAGE,104,104,42,COBUG_STATIC_V1
ve3wwg_cobcurses,ve3wwg_cobcurses/sdbackup.cob,SB000229,UNDECLARED_IDENTIFIER_REFERENCE,HIGH,T_UNDECL_01,PROCEDURE-DIVISION,141,141,42,COBUG_STATIC_V1
ve3wwg_cobcurses,ve3wwg_cobcurses/cobcurses_sci_notation_comp_2.cob,SB000230,UNUSED_DATA_ITEM,LOW,T_UNUSED_01,WORKING-STORAGE,34,34,42,COBUG_STATIC_V1
ve3wwg_cobcurses,ve3wwg_cobcurses/themain.cob,SB000231,UNDECLARED_IDENTIFIER_REFERENCE,HIGH,T_UNDECL_01,PROCEDURE-DIVISION,19,19,42,COBUG_STATIC_V1
ve3wwg_cobcurses,ve3wwg_cobcurses/themain.cob,SB000232,UNUSED_DATA_ITEM,LOW,T_UNUSED_01,WORKING-STORAGE,9,9,42,COBUG_STATIC_V1
ve3wwg_cobcurses,ve3wwg_cobcurses/ed000010.cob,SB000233,MISSING_ELSE_FOR_CRITICAL_CHECK,LOW,T_MELSE_01,PROCEDURE-DIVISION,41,44,42,COBUG_STATIC_V1
ve3wwg_cobcurses,ve3wwg_cobcurses/ed000010.cob,SB000234,UNUSED_DATA_ITEM,LOW,T_UNUSED_01,WORKING-STORAGE,18,18,42,COBUG_STATIC_V1
ve3wwg_cobcurses,ve3wwg_cobcurses/cobcurses_menu_sd_screens.cob,SB000235,UNUSED_DATA_ITEM,LOW,T_UNUSED_01,WORKING-STORAGE,29,29,42,COBUG_STATIC_V1
ve3wwg_cobcurses,ve3wwg_cobcurses/test005.cob,SB000236,MISSING_ELSE_FOR_CRITICAL_CHECK,LOW,T_MELSE_01,PROCEDURE-DIVISION,58,61,42,COBUG_STATIC_V1
ve3wwg_cobcurses,ve3wwg_cobcurses/test005.cob,SB000237,REDUNDANT_GOTO,MEDIUM,T_GOTO_01,PROCEDURE-DIVISION,58,65,42,COBUG_STATIC_V1
ve3wwg_cobcurses,ve3wwg_cobcurses/libcobcursex.cob,SB000238,MISSING_ELSE_FOR_CRITICAL_CHECK,LOW,T_MELSE_01,PROCEDURE-DIVISION,7,10,42,COBUG_STATIC_V1
ve3wwg_cobcurses,ve3wwg_cobcurses/libcobcursex.cob,SB000239,REDUNDANT_GOTO,MEDIUM,T_GOTO_01,PROCEDURE-DIVISION,7,14,42,COBUG_STATIC_V1
ve3wwg_cobcurses,ve3wwg_cobcurses/sd002010.cob,SB000240,UNUSED_DATA_ITEM,LOW,T_UNUSED_01,WORKING-STORAGE,56,56,42,COBUG_STATIC_V1
ve3wwg_cobcurses,ve3wwg_cobcurses/cobcurses_test_units.cob,SB000241,UNUSED_DATA_ITEM,LOW,T_UNUSED_01,WORKING-STORAGE,6,6,42,COBUG_STATIC_V1
ve3wwg_cobcurses,ve3wwg_cobcurses/sd002090.cob,SB000242,UNUSED_DATA_ITEM,LOW,T_UNUSED_01,WORKING-STORAGE,29,29,42,COBUG_STATIC_V1
ve3wwg_cobcurses,ve3wwg_cobcurses/sd002033.cob,SB000243,UNUSED_DATA_ITEM,LOW,T_UNUSED_01,WORKING-STORAGE,30,30,42,COBUG_STATIC_V1
ve3wwg_cobcurses,ve3wwg_cobcurses/cobcurses_menu_sd_states.cob,SB000244,UNUSED_DATA_ITEM,LOW,T_UNUSED_01,WORKING-STORAGE,30,30,42,COBUG_STATIC_V1
ve3wwg_cobcurses,ve3wwg_cobcurses/sd002030.cob,SB000245,UNUSED_DATA_ITEM,LOW,T_UNUSED_01,WORKING-STORAGE,14,14,42,COBUG_STATIC_V1
ve3wwg_cobcurses,ve3wwg_cobcurses/cobcurses_ecvt_comp_2.cob,SB000246,UNUSED_DATA_ITEM,LOW,T_UNUSED_01,WORKING-STORAGE,36,36,42,COBUG_STATIC_V1
ve3wwg_cobcurses,ve3wwg_cobcurses/test006.cob,SB000247,MISSING_ELSE_FOR_CRITICAL_CHECK,LOW,T_MELSE_01,PROCEDURE-DIVISION,40,43,42,COBUG_STATIC_V1
ve3wwg_cobcurses,ve3wwg_cobcurses/test003.cob,SB000248,UNUSED_DATA_ITEM,LOW,T_UNUSED_01,WORKING-STORAGE,28,28,42,COBUG_STATIC_V1
ve3wwg_cobcurses,ve3wwg_cobcurses/test003.cob,SB000249,DEAD_CODE_AFTER_STOP_RUN,MEDIUM,T_DEAD_01,AFTER-STOP-RUN,51,51,42,COBUG_STATIC_V1
ve3wwg_cobcurses,ve3wwg_cobcurses/sdload.cob,SB000250,UNDECLARED_IDENTIFIER_REFERENCE,HIGH,T_UNDECL_01,PROCEDURE-DIVISION,156,156,42,COBUG_STATIC_V1
ve3wwg_cobcurses,ve3wwg_cobcurses/template_main.cob,SB000251,MISSING_ELSE_FOR_CRITICAL_CHECK,LOW,T_MELSE_01,PROCEDURE-DIVISION,25,28,42,COBUG_STATIC_V1
ve3wwg_cobcurses,ve3wwg_cobcurses/shlibtest.cob,SB000252,REDUNDANT_GOTO,MEDIUM,T_GOTO_01,PROCEDURE-DIVISION,10,17,42,COBUG_STATIC_V1
ve3wwg_cobcurses,ve3wwg_cobcurses/shlibtest.cob,SB000253,DEAD_CODE_AFTER_STOP_RUN,MEDIUM,T_DEAD_01,AFTER-STOP-RUN,19,19,42,COBUG_STATIC_V1
ve3wwg_cobcurses,ve3wwg_cobcurses/sd002020.cob,SB000254,UNUSED_DATA_ITEM,LOW,T_UNUSED_01,WORKING-STORAGE,10,10,42,COBUG_STATIC_V1
ve3wwg_cobcurses,ve3wwg_cobcurses/cobcurses_init_pathname.cob,SB000255,UNUSED_DATA_ITEM,LOW,T_UNUSED_01,WORKING-STORAGE,17,17,42,COBUG_STATIC_V1
ve3wwg_cobcurses,ve3wwg_cobcurses/sd002060.cob,SB000256,UNUSED_DATA_ITEM,LOW,T_UNUSED_01,WORKING-STORAGE,30,30,42,COBUG_STATIC_V1
abrignoli_COBSOFT,abrignoli_COBSOFT/CS10002C.cbl,SB000257,UNUSED_DATA_ITEM,LOW,T_UNUSED_01,WORKING-STORAGE,23,23,42,COBUG_STATIC_V1
abrignoli_COBSOFT,abrignoli_COBSOFT/CS00003S.cbl,SB000258,UNUSED_DATA_ITEM,LOW,T_UNUSED_01,WORKING-STORAGE,18,18,42,COBUG_STATIC_V1
abrignoli_COBSOFT,abrignoli_COBSOFT/CS00002M.cbl,SB000259,UNUSED_DATA_ITEM,LOW,T_UNUSED_01,WORKING-STORAGE,23,23,42,COBUG_STATIC_V1
abrignoli_COBSOFT,abrignoli_COBSOFT/CS00000M.cbl,SB000260,UNUSED_DATA_ITEM,LOW,T_UNUSED_01,WORKING-STORAGE,23,23,42,COBUG_STATIC_V1
abrignoli_COBSOFT,abrignoli_COBSOFT/CS00001M.cbl,SB000261,UNUSED_DATA_ITEM,LOW,T_UNUSED_01,WORKING-STORAGE,23,23,42,COBUG_STATIC_V1
abrignoli_COBSOFT,abrignoli_COBSOFT/CS00005S.cbl,SB000262,UNUSED_DATA_ITEM,LOW,T_UNUSED_01,WORKING-STORAGE,56,56,42,COBUG_STATIC_V1
abrignoli_COBSOFT,abrignoli_COBSOFT/CS30002C.cbl,SB000263,UNUSED_DATA_ITEM,LOW,T_UNUSED_01,WORKING-STORAGE,18,18,42,COBUG_STATIC_V1
abrignoli_COBSOFT,abrignoli_COBSOFT/CS30003C.cbl,SB000264,UNUSED_DATA_ITEM,LOW,T_UNUSED_01,WORKING-STORAGE,49,49,42,COBUG_STATIC_V1
abrignoli_COBSOFT,abrignoli_COBSOFT/CS00004S.cbl,SB000265,UNUSED_DATA_ITEM,LOW,T_UNUSED_01,WORKING-STORAGE,18,18,42,COBUG_STATIC_V1
abrignoli_COBSOFT,abrignoli_COBSOFT/CS10008C.cbl,SB000266,UNUSED_DATA_ITEM,LOW,T_UNUSED_01,WORKING-STORAGE,25,25,42,COBUG_STATIC_V1
abrignoli_COBSOFT,abrignoli_COBSOFT/CS10014C.cbl,SB000267,UNUSED_DATA_ITEM,LOW,T_UNUSED_01,WORKING-STORAGE,18,18,42,COBUG_STATIC_V1
abrignoli_COBSOFT,abrignoli_COBSOFT/CS10010C.cbl,SB000268,UNUSED_DATA_ITEM,LOW,T_UNUSED_01,WORKING-STORAGE,25,25,42,COBUG_STATIC_V1
abrignoli_COBSOFT,abrignoli_COBSOFT/CS10017C.cbl,SB000269,UNUSED_DATA_ITEM,LOW,T_UNUSED_01,WORKING-STORAGE,18,18,42,COBUG_STATIC_V1
abrignoli_COBSOFT,abrignoli_COBSOFT/CS10016C.cbl,SB000270,UNUSED_DATA_ITEM,LOW,T_UNUSED_01,WORKING-STORAGE,18,18,42,COBUG_STATIC_V1
abrignoli_COBSOFT,abrignoli_COBSOFT/CS20002C.cbl,SB000271,UNUSED_DATA_ITEM,LOW,T_UNUSED_01,WORKING-STORAGE,18,18,42,COBUG_STATIC_V1
abrignoli_COBSOFT,abrignoli_COBSOFT/CS20003C.cbl,SB000272,UNUSED_DATA_ITEM,LOW,T_UNUSED_01,WORKING-STORAGE,25,25,42,COBUG_STATIC_V1
abrignoli_COBSOFT,abrignoli_COBSOFT/CS10012C.cbl,SB000273,UNUSED_DATA_ITEM,LOW,T_UNUSED_01,WORKING-STORAGE,21,21,42,COBUG_STATIC_V1
abrignoli_COBSOFT,abrignoli_COBSOFT/CS10013C.cbl,SB000274,UNUSED_DATA_ITEM,LOW,T_UNUSED_01,WORKING-STORAGE,18,18,42,COBUG_STATIC_V1
abrignoli_COBSOFT,abrignoli_COBSOFT/CS00002S.cbl,SB000275,UNUSED_DATA_ITEM,LOW,T_UNUSED_01,WORKING-STORAGE,34,34,42,COBUG_STATIC_V1
abrignoli_COBSOFT,abrignoli_COBSOFT/CS10015C.cbl,SB000276,UNUSED_DATA_ITEM,LOW,T_UNUSED_01,WORKING-STORAGE,21,21,42,COBUG_STATIC_V1
abrignoli_COBSOFT,abrignoli_COBSOFT/CS10009C.cbl,SB000277,UNUSED_DATA_ITEM,LOW,T_UNUSED_01,WORKING-STORAGE,21,21,42,COBUG_STATIC_V1
abrignoli_COBSOFT,abrignoli_COBSOFT/CS10011C.cbl,SB000278,UNUSED_DATA_ITEM,LOW,T_UNUSED_01,WORKING-STORAGE,29,29,42,COBUG_STATIC_V1
abrignoli_COBSOFT,abrignoli_COBSOFT/CS00104S.cbl,SB000279,UNUSED_DATA_ITEM,LOW,T_UNUSED_01,WORKING-STORAGE,21,21,42,COBUG_STATIC_V1
abrignoli_COBSOFT,abrignoli_COBSOFT/CS10005C.cbl,SB000280,UNUSED_DATA_ITEM,LOW,T_UNUSED_01,WORKING-STORAGE,27,27,42,COBUG_STATIC_V1
abrignoli_COBSOFT,abrignoli_COBSOFT/CS00103S.cbl,SB000281,UNUSED_DATA_ITEM,LOW,T_UNUSED_01,WORKING-STORAGE,23,23,42,COBUG_STATIC_V1
abrignoli_COBSOFT,abrignoli_COBSOFT/CS00003M.cbl,SB000282,UNUSED_DATA_ITEM,LOW,T_UNUSED_01,WORKING-STORAGE,23,23,42,COBUG_STATIC_V1
abrignoli_COBSOFT,abrignoli_COBSOFT/CS00000F.cbl,SB000283,UNUSED_DATA_ITEM,LOW,T_UNUSED_01,WORKING-STORAGE,17,17,42,COBUG_STATIC_V1
abrignoli_COBSOFT,abrignoli_COBSOFT/CS30001C.cbl,SB000284,UNUSED_DATA_ITEM,LOW,T_UNUSED_01,WORKING-STORAGE,21,21,42,COBUG_STATIC_V1
abrignoli_COBSOFT,abrignoli_COBSOFT/CS00000S.cbl,SB000285,UNUSED_DATA_ITEM,LOW,T_UNUSED_01,WORKING-STORAGE,18,18,42,COBUG_STATIC_V1
abrignoli_COBSOFT,abrignoli_COBSOFT/CS00100S.cbl,SB000286,UNUSED_DATA_ITEM,LOW,T_UNUSED_01,WORKING-STORAGE,21,21,42,COBUG_STATIC_V1
abrignoli_COBSOFT,abrignoli_COBSOFT/CS10006C.cbl,SB000287,UNUSED_DATA_ITEM,LOW,T_UNUSED_01,WORKING-STORAGE,29,29,42,COBUG_STATIC_V1
abrignoli_COBSOFT,abrignoli_COBSOFT/CS10001C.cbl,SB000288,UNUSED_DATA_ITEM,LOW,T_UNUSED_01,WORKING-STORAGE,21,21,42,COBUG_STATIC_V1
abrignoli_COBSOFT,abrignoli_COBSOFT/CS20001C.cbl,SB000289,UNUSED_DATA_ITEM,LOW,T_UNUSED_01,WORKING-STORAGE,18,18,42,COBUG_STATIC_V1
abrignoli_COBSOFT,abrignoli_COBSOFT/CS10007C.cbl,SB000290,UNUSED_DATA_ITEM,LOW,T_UNUSED_01,WORKING-STORAGE,21,21,42,COBUG_STATIC_V1
abrignoli_COBSOFT,abrignoli_COBSOFT/CS10001P.cbl,SB000291,UNUSED_DATA_ITEM,LOW,T_UNUSED_01,WORKING-STORAGE,47,47,42,COBUG_STATIC_V1
abrignoli_COBSOFT,abrignoli_COBSOFT/CS00106S.cbl,SB000292,UNUSED_DATA_ITEM,LOW,T_UNUSED_01,WORKING-STORAGE,39,39,42,COBUG_STATIC_V1
abrignoli_COBSOFT,abrignoli_COBSOFT/CS10004C.cbl,SB000293,UNUSED_DATA_ITEM,LOW,T_UNUSED_01,WORKING-STORAGE,25,25,42,COBUG_STATIC_V1
abrignoli_COBSOFT,abrignoli_COBSOFT/CS00105S.cbl,SB000294,UNUSED_DATA_ITEM,LOW,T_UNUSED_01,WORKING-STORAGE,21,21,42,COBUG_STATIC_V1
abrignoli_COBSOFT,abrignoli_COBSOFT/ProgramaPrincipal.cbl,SB000295,MISSING_ELSE_FOR_CRITICAL_CHECK,LOW,T_MELSE_01,PROCEDURE-DIVISION,35,38,42,COBUG_STATIC_V1
abrignoli_COBSOFT,abrignoli_COBSOFT/ProgramaPrincipal.cbl,SB000296,UNDECLARED_IDENTIFIER_REFERENCE,HIGH,T_UNDECL_01,PROCEDURE-DIVISION,35,35,42,COBUG_STATIC_V1
abrignoli_COBSOFT,abrignoli_COBSOFT/CS10003C.cbl,SB000297,UNUSED_DATA_ITEM,LOW,T_UNUSED_01,WORKING-STORAGE,23,23,42,COBUG_STATIC_V1
abrignoli_COBSOFT,abrignoli_COBSOFT/ProgramaTemplate.cbl,SB000298,MISSING_ELSE_FOR_CRITICAL_CHECK,LOW,T_MELSE_01,PROCEDURE-DIVISION,26,29,42,COBUG_STATIC_V1
abrignoli_COBSOFT,abrignoli_COBSOFT/CS00001S.cbl,SB000299,UNUSED_DATA_ITEM,LOW,T_UNUSED_01,WORKING-STORAGE,18,18,42,COBUG_STATIC_V1
abrignoli_COBSOFT,abrignoli_COBSOFT/CS00101S.cbl,SB000300,MISSING_ELSE_FOR_CRITICAL_CHECK,LOW,T_MELSE_01,PROCEDURE-DIVISION,26,29,42,COBUG_STATIC_V1
abrignoli_COBSOFT,abrignoli_COBSOFT/CS00101S.cbl,SB000301,REDUNDANT_GOTO,MEDIUM,T_GOTO_01,PROCEDURE-DIVISION,26,33,42,COBUG_STATIC_V1
abrignoli_COBSOFT,abrignoli_COBSOFT/CS10018C.cbl,SB000302,UNUSED_DATA_ITEM,LOW,T_UNUSED_01,WORKING-STORAGE,23,23,42,COBUG_STATIC_V1
abrignoli_COBSOFT,abrignoli_COBSOFT/CS00006S.cbl,SB000303,DEAD_CODE_AFTER_STOP_RUN,MEDIUM,T_DEAD_01,AFTER-STOP-RUN,49,49,42,COBUG_STATIC_V1
lucasrmagalhaes_learning-COBOL,lucasrmagalhaes_learning-COBOL/PROGCOB06.cbl,SB000304,UNUSED_DATA_ITEM,LOW,T_UNUSED_01,WORKING-STORAGE,11,11,42,COBUG_STATIC_V1
lucasrmagalhaes_learning-COBOL,lucasrmagalhaes_learning-COBOL/PROGCOB06.cbl,SB000305,REDUNDANT_GOTO,MEDIUM,T_GOTO_01,PROCEDURE-DIVISION,20,27,42,COBUG_STATIC_V1
lucasrmagalhaes_learning-COBOL,lucasrmagalhaes_learning-COBOL/INCLUINDOREGISTRO.cbl,SB000306,REDUNDANT_GOTO,MEDIUM,T_GOTO_01,PROCEDURE-DIVISION,56,63,42,COBUG_STATIC_V1
lucasrmagalhaes_learning-COBOL,lucasrmagalhaes_learning-COBOL/INCLUINDOREGISTRO.cbl,SB000307,DEAD_CODE_AFTER_STOP_RUN,MEDIUM,T_DEAD_01,AFTER-STOP-RUN,70,70,42,COBUG_STATIC_V1
lucasrmagalhaes_learning-COBOL,lucasrmagalhaes_learning-COBOL/VALIDANDOESCOLHAMENU.cbl,SB000308,UNUSED_DATA_ITEM,LOW,T_UNUSED_01,WORKING-STORAGE,9,9,42,COBUG_STATIC_V1
lucasrmagalhaes_learning-COBOL,lucasrmagalhaes_learning-COBOL/PROGCOB15.cob,SB000309,DEAD_CODE_AFTER_STOP_RUN,MEDIUM,T_DEAD_01,AFTER-STOP-RUN,26,26,42,COBUG_STATIC_V1
lucasrmagalhaes_learning-COBOL,lucasrmagalhaes_learning-COBOL/PROGCOB12.cob,SB000310,UNDECLARED_IDENTIFIER_REFERENCE,HIGH,T_UNDECL_01,PROCEDURE-DIVISION,16,16,42,COBUG_STATIC_V1
lucasrmagalhaes_learning-COBOL,lucasrmagalhaes_learning-COBOL/PROGCOB12.cob,SB000311,UNUSED_DATA_ITEM,LOW,T_UNUSED_01,WORKING-STORAGE,11,11,42,COBUG_STATIC_V1
lucasrmagalhaes_learning-COBOL,lucasrmagalhaes_learning-COBOL/PROGCOBTEMPODECASAESTRUTURADO.cbl,SB000312,MISSING_ELSE_FOR_CRITICAL_CHECK,LOW,T_MELSE_01,PROCEDURE-DIVISION,26,29,42,COBUG_STATIC_V1
lucasrmagalhaes_learning-COBOL,lucasrmagalhaes_learning-COBOL/PROGCOBTEMPODECASAESTRUTURADO.cbl,SB000313,DEAD_CODE_AFTER_STOP_RUN,MEDIUM,T_DEAD_01,AFTER-STOP-RUN,36,36,42,COBUG_STATIC_V1
lucasrmagalhaes_learning-COBOL,lucasrmagalhaes_learning-COBOL/PROGCOB10.cbl,SB000314,REDUNDANT_GOTO,MEDIUM,T_GOTO_01,PROCEDURE-DIVISION,20,27,42,COBUG_STATIC_V1
lucasrmagalhaes_learning-COBOL,lucasrmagalhaes_learning-COBOL/EXCLUINDOREGISTROS.cbl,SB000315,UNDECLARED_IDENTIFIER_REFERENCE,HIGH,T_UNDECL_01,PROCEDURE-DIVISION,77,77,42,COBUG_STATIC_V1
lucasrmagalhaes_learning-COBOL,lucasrmagalhaes_learning-COBOL/EXCLUINDOREGISTROS.cbl,SB000316,DEAD_CODE_AFTER_STOP_RUN,MEDIUM,T_DEAD_01,AFTER-STOP-RUN,85,85,42,COBUG_STATIC_V1
lucasrmagalhaes_learning-COBOL,lucasrmagalhaes_learning-COBOL/PROGCOB17.cob,SB000317,UNDECLARED_IDENTIFIER_REFERENCE,HIGH,T_UNDECL_01,PROCEDURE-DIVISION,36,36,42,COBUG_STATIC_V1
lucasrmagalhaes_learning-COBOL,lucasrmagalhaes_learning-COBOL/PROGCOB14.cob,SB000318,DEAD_CODE_AFTER_STOP_RUN,MEDIUM,T_DEAD_01,AFTER-STOP-RUN,26,26,42,COBUG_STATIC_V1
lucasrmagalhaes_learning-COBOL,lucasrmagalhaes_learning-COBOL/PROGCOBHELLOCOBOL.cob,SB000319,MISSING_ELSE_FOR_CRITICAL_CHECK,LOW,T_MELSE_01,PROCEDURE-DIVISION,14,17,42,COBUG_STATIC_V1
lucasrmagalhaes_learning-COBOL,lucasrmagalhaes_learning-COBOL/PROGCOBHELLOCOBOL.cob,SB000320,UNUSED_DATA_ITEM,LOW,T_UNUSED_01,WORKING-STORAGE,11,11,42,COBUG_STATIC_V1
lucasrmagalhaes_learning-COBOL,lucasrmagalhaes_learning-COBOL/CLIENTES.cbl,SB000321,UNDECLARED_IDENTIFIER_REFERENCE,HIGH,T_UNDECL_01,PROCEDURE-DIVISION,31,31,42,COBUG_STATIC_V1
lucasrmagalhaes_learning-COBOL,lucasrmagalhaes_learning-COBOL/CLIENTES.cbl,SB000322,UNUSED_DATA_ITEM,LOW,T_UNUSED_01,WORKING-STORAGE,9,9,42,COBUG_STATIC_V1
lucasrmagalhaes_learning-COBOL,lucasrmagalhaes_learning-COBOL/RELATORIOEMTELA02.cob,SB000323,MISSING_ELSE_FOR_CRITICAL_CHECK,LOW,T_MELSE_01,PROCEDURE-DIVISION,78,81,42,COBUG_STATIC_V1
lucasrmagalhaes_learning-COBOL,lucasrmagalhaes_learning-COBOL/PROGCOBDESAFIODANTE.cbl,SB000324,DEAD_CODE_AFTER_STOP_RUN,MEDIUM,T_DEAD_01,AFTER-STOP-RUN,45,45,42,COBUG_STATIC_V1
lucasrmagalhaes_learning-COBOL,lucasrmagalhaes_learning-COBOL/PROGCOBDESAFIODANTE.cbl,SB000325,UNDECLARED_IDENTIFIER_REFERENCE,HIGH,T_UNDECL_01,PROCEDURE-DIVISION,39,39,42,COBUG_STATIC_V1
lucasrmagalhaes_learning-COBOL,lucasrmagalhaes_learning-COBOL/PROGCOBINVESTIMENTOFINANCEIRO.cob,SB000326,UNUSED_DATA_ITEM,LOW,T_UNUSED_01,WORKING-STORAGE,17,17,42,COBUG_STATIC_V1
lucasrmagalhaes_learning-COBOL,lucasrmagalhaes_learning-COBOL/INCLUSAODADOS.cbl,SB000327,MISSING_ELSE_FOR_CRITICAL_CHECK,LOW,T_MELSE_01,PROCEDURE-DIVISION,64,67,42,COBUG_STATIC_V1
lucasrmagalhaes_learning-COBOL,lucasrmagalhaes_learning-COBOL/RELATORIOEMDISCO.cbl,SB000328,UNDECLARED_IDENTIFIER_REFERENCE,HIGH,T_UNDECL_01,PROCEDURE-DIVISION,88,88,42,COBUG_STATIC_V1
lucasrmagalhaes_learning-COBOL,lucasrmagalhaes_learning-COBOL/PROGCOBAUMENTOSALARIAL.cob,SB000329,UNDECLARED_IDENTIFIER_REFERENCE,HIGH,T_UNDECL_01,PROCEDURE-DIVISION,20,20,42,COBUG_STATIC_V1
lucasrmagalhaes_learning-COBOL,lucasrmagalhaes_learning-COBOL/PROGCOB02.cob,SB000330,UNUSED_DATA_ITEM,LOW,T_UNUSED_01,WORKING-STORAGE,11,11,42,COBUG_STATIC_V1
lucasrmagalhaes_learning-COBOL,lucasrmagalhaes_learning-COBOL/PROGCOB02.cob,SB000331,MISSING_ELSE_FOR_CRITICAL_CHECK,LOW,T_MELSE_01,PROCEDURE-DIVISION,17,20,42,COBUG_STATIC_V1
lucasrmagalhaes_learning-COBOL,lucasrmagalhaes_learning-COBOL/PROGCOB05.cob,SB000332,UNDECLARED_IDENTIFIER_REFERENCE,HIGH,T_UNDECL_01,PROCEDURE-DIVISION,16,16,42,COBUG_STATIC_V1
lucasrmagalhaes_learning-COBOL,lucasrmagalhaes_learning-COBOL/PROGCOB05.cob,SB000333,UNUSED_DATA_ITEM,LOW,T_UNUSED_01,WORKING-STORAGE,11,11,42,COBUG_STATIC_V1
lucasrmagalhaes_learning-COBOL,lucasrmagalhaes_learning-COBOL/PROGCOB01.cob,SB000334,REDUNDANT_GOTO,MEDIUM,T_GOTO_01,PROCEDURE-DIVISION,11,18,42,COBUG_STATIC_V1
lucasrmagalhaes_learning-COBOL,lucasrmagalhaes_learning-COBOL/ABERTURAARQUIVOS.cbl,SB000335,UNUSED_DATA_ITEM,LOW,T_UNUSED_01,WORKING-STORAGE,27,27,42,COBUG_STATIC_V1
lucasrmagalhaes_learning-COBOL,lucasrmagalhaes_learning-COBOL/ABERTURAARQUIVOS.cbl,SB000336,UNDECLARED_IDENTIFIER_REFERENCE,HIGH,T_UNDECL_01,PROCEDURE-DIVISION,58,58,42,COBUG_STATIC_V1
lucasrmagalhaes_learning-COBOL,lucasrmagalhaes_learning-COBOL/PROGCOB03.cob,SB000337,MISSING_ELSE_FOR_CRITICAL_CHECK,LOW,T_MELSE_01,PROCEDURE-DIVISION,19,22,42,COBUG_STATIC_V1
lucasrmagalhaes_learning-COBOL,lucasrmagalhaes_learning-COBOL/PROGCOB03.cob,SB000338,UNUSED_DATA_ITEM,LOW,T_UNUSED_01,WORKING-STORAGE,12,12,42,COBUG_STATIC_V1
lucasrmagalhaes_learning-COBOL,lucasrmagalhaes_learning-COBOL/MENU01.cbl,SB000339,MISSING_ELSE_FOR_CRITICAL_CHECK,LOW,T_MELSE_01,PROCEDURE-DIVISION,33,36,42,COBUG_STATIC_V1
lucasrmagalhaes_learning-COBOL,lucasrmagalhaes_learning-COBOL/MENU01.cbl,SB000340,DEAD_CODE_AFTER_STOP_RUN,MEDIUM,T_DEAD_01,AFTER-STOP-RUN,41,41,42,COBUG_STATIC_V1
lucasrmagalhaes_learning-COBOL,lucasrmagalhaes_learning-COBOL/PROGCOB11.cbl,SB000341,DEAD_CODE_AFTER_STOP_RUN,MEDIUM,T_DEAD_01,AFTER-STOP-RUN,35,35,42,COBUG_STATIC_V1
lucasrmagalhaes_learning-COBOL,lucasrmagalhaes_learning-COBOL/PROGCOB11.cbl,SB000342,MISSING_ELSE_FOR_CRITICAL_CHECK,LOW,T_MELSE_01,PROCEDURE-DIVISION,21,24,42,COBUG_STATIC_V1
lucasrmagalhaes_learning-COBOL,lucasrmagalhaes_learning-COBOL/PROGCOB07.cbl,SB000343,REDUNDANT_GOTO,MEDIUM,T_GOTO_01,PROCEDURE-DIVISION,16,23,42,COBUG_STATIC_V1
lucasrmagalhaes_learning-COBOL,lucasrmagalhaes_learning-COBOL/PROGCOB07.cbl,SB000344,MISSING_ELSE_FOR_CRITICAL_CHECK,LOW,T_MELSE_01,PROCEDURE-DIVISION,18,21,42,COBUG_STATIC_V1
lucasrmagalhaes_learning-COBOL,lucasrmagalhaes_learning-COBOL/GERANDORELATORIOS.cbl,SB000345,REDUNDANT_GOTO,MEDIUM,T_GOTO_01,PROCEDURE-DIVISION,73,80,42,COBUG_STATIC_V1
lucasrmagalhaes_learning-COBOL,lucasrmagalhaes_learning-COBOL/PROGCOB16.cob,SB000346,DEAD_CODE_AFTER_STOP_RUN,MEDIUM,T_DEAD_01,AFTER-STOP-RUN,26,26,42,COBUG_STATIC_V1
lucasrmagalhaes_learning-COBOL,lucasrmagalhaes_learning-COBOL/PROGCOBSTRING.cob,SB000347,MISSING_ELSE_FOR_CRITICAL_CHECK,LOW,T_MELSE_01,PROCEDURE-DIVISION,20,23,42,COBUG_STATIC_V1
lucasrmagalhaes_learning-COBOL,lucasrmagalhaes_learning-COBOL/PROGCOBSTRING.cob,SB000348,UNDECLARED_IDENTIFIER_REFERENCE,HIGH,T_UNDECL_01,PROCEDURE-DIVISION,20,20,42,COBUG_STATIC_V1
lucasrmagalhaes_learning-COBOL,lucasrmagalhaes_learning-COBOL/PROGCOB08.cbl,SB000349,UNDECLARED_IDENTIFIER_REFERENCE,HIGH,T_UNDECL_01,PROCEDURE-DIVISION,19,19,42,COBUG_STATIC_V1
lucasrmagalhaes_learning-COBOL,lucasrmagalhaes_learning-COBOL/GERANDORELATORIO.cbl,SB000350,DEAD_CODE_AFTER_STOP_RUN,MEDIUM,T_DEAD_01,AFTER-STOP-RUN,79,79,42,COBUG_STATIC_V1
lucasrmagalhaes_learning-COBOL,lucasrmagalhaes_learning-COBOL/GERANDORELATORIO.cbl,SB000351,UNUSED_DATA_ITEM,LOW,T_UNUSED_01,WORKING-STORAGE,24,24,42,COBUG_STATIC_V1
lucasrmagalhaes_learning-COBOL,lucasrmagalhaes_learning-COBOL/RELATORIOEMTELA01.cob,SB000352,UNDECLARED_IDENTIFIER_REFERENCE,HIGH,T_UNDECL_01,PROCEDURE-DIVISION,73,73,42,COBUG_STATIC_V1
lucasrmagalhaes_learning-COBOL,lucasrmagalhaes_learning-COBOL/PROGCOBCPF.cob,SB000353,MISSING_ELSE_FOR_CRITICAL_CHECK,LOW,T_MELSE_01,PROCEDURE-DIVISION,20,23,42,COBUG_STATIC_V1
lucasrmagalhaes_learning-COBOL,lucasrmagalhaes_learning-COBOL/PROGCOB04.cob,SB000354,UNDECLARED_IDENTIFIER_REFERENCE,HIGH,T_UNDECL_01,PROCEDURE-DIVISION,24,24,42,COBUG_STATIC_V1
lucasrmagalhaes_learning-COBOL,lucasrmagalhaes_learning-COBOL/PROGCOB13.cob,SB000355,UNDECLARED_IDENTIFIER_REFERENCE,HIGH,T_UNDECL_01,PROCEDURE-DIVISION,17,17,42,COBUG_STATIC_V1
lucasrmagalhaes_learning-COBOL,lucasrmagalhaes_learning-COBOL/SUBMENU.cbl,SB000356,UNUSED_DATA_ITEM,LOW,T_UNUSED_01,WORKING-STORAGE,9,9,42,COBUG_STATIC_V1
lucasrmagalhaes_learning-COBOL,lucasrmagalhaes_learning-COBOL/MENU02.cbl,SB000357,MISSING_ELSE_FOR_CRITICAL_CHECK,LOW,T_MELSE_01,PROCEDURE-DIVISION,43,46,42,COBUG_STATIC_V1
lucasrmagalhaes_learning-COBOL,lucasrmagalhaes_learning-COBOL/PGM.cbl,SB000358,REDUNDANT_GOTO,MEDIUM,T_GOTO_01,PROCEDURE-DIVISION,39,46,42,COBUG_STATIC_V1
lucasrmagalhaes_learning-COBOL,lucasrmagalhaes_learning-COBOL/ENCERRANDOMENU.cbl,SB000359,UNUSED_DATA_ITEM,LOW,T_UNUSED_01,WORKING-STORAGE,26,26,42,COBUG_STATIC_V1
lucasrmagalhaes_learning-COBOL,lucasrmagalhaes_learning-COBOL/PROGCOB09.cob,SB000360,UNDECLARED_IDENTIFIER_REFERENCE,HIGH,T_UNDECL_01,PROCEDURE-DIVISION,20,20,42,COBUG_STATIC_V1
lucasrmagalhaes_learning-COBOL,lucasrmagalhaes_learning-COBOL/PROGCOB09.cob,SB000361,UNUSED_DATA_ITEM,LOW,T_UNUSED_01,WORKING-STORAGE,15,15,42,COBUG_STATIC_V1
debinix_openjensen,debinix_openjensen/wui-end-html.cbl,SB000362,UNUSED_DATA_ITEM,LOW,T_UNUSED_01,WORKING-STORAGE,15,15,42,COBUG_STATIC_V1
debinix_openjensen,debinix_openjensen/get-post-value.cbl,SB000363,UNUSED_DATA_ITEM,LOW,T_UNUSED_01,WORKING-STORAGE,35,35,42,COBUG_STATIC_V1
debinix_openjensen,debinix_openjensen/cgi-add-local.cbl,SB000364,UNDECLARED_IDENTIFIER_REFERENCE,HIGH,T_UNDECL_01,PROCEDURE-DIVISION,61,61,42,COBUG_STATIC_V1
debinix_openjensen,debinix_openjensen/cgi-add-local.cbl,SB000365,UNUSED_DATA_ITEM,LOW,T_UNUSED_01,WORKING-STORAGE,13,13,42,COBUG_STATIC_V1
debinix_openjensen,debinix_openjensen/cgi-edit-user.cbl,SB000366,MISSING_ELSE_FOR_CRITICAL_CHECK,LOW,T_MELSE_01,PROCEDURE-DIVISION,82,85,42,COBUG_STATIC_V1
debinix_openjensen,debinix_openjensen/cgi-edit-user.cbl,SB000367,UNUSED_DATA_ITEM,LOW,T_UNUSED_01,WORKING-STORAGE,13,13,42,COBUG_STATIC_V1
debinix_openjensen,debinix_openjensen/toolchaintest.cbl,SB000368,UNUSED_DATA_ITEM,LOW,T_UNUSED_01,WORKING-STORAGE,15,15,42,COBUG_STATIC_V1
debinix_openjensen,debinix_openjensen/cgi-list-betygelev.cbl,SB000369,REDUNDANT_GOTO,MEDIUM,T_GOTO_01,PROCEDURE-DIVISION,141,148,42,COBUG_STATIC_V1
debinix_openjensen,debinix_openjensen/cgi-list-betygelev.cbl,SB000370,UNDECLARED_IDENTIFIER_REFERENCE,HIGH,T_UNDECL_01,PROCEDURE-DIVISION,141,141,42,COBUG_STATIC_V1
debinix_openjensen,debinix_openjensen/wui-print-header.cbl,SB000371,UNUSED_DATA_ITEM,LOW,T_UNUSED_01,WORKING-STORAGE,14,14,42,COBUG_STATIC_V1
debinix_openjensen,debinix_openjensen/cgi-edit-profile.cbl,SB000372,UNUSED_DATA_ITEM,LOW,T_UNUSED_01,WORKING-STORAGE,13,13,42,COBUG_STATIC_V1
debinix_openjensen,debinix_openjensen/error-printscr.cbl,SB000373,UNUSED_DATA_ITEM,LOW,T_UNUSED_01,WORKING-STORAGE,40,40,42,COBUG_STATIC_V1
debinix_openjensen,debinix_openjensen/cgi-edit-local.cbl,SB000374,UNUSED_DATA_ITEM,LOW,T_UNUSED_01,WORKING-STORAGE,14,14,42,COBUG_STATIC_V1
debinix_openjensen,debinix_openjensen/readtbltort.cbl,SB000375,UNDECLARED_IDENTIFIER_REFERENCE,HIGH,T_UNDECL_01,PROCEDURE-DIVISION,71,71,42,COBUG_STATIC_V1
debinix_openjensen,debinix_openjensen/test-utf8.cbl,SB000376,UNDECLARED_IDENTIFIER_REFERENCE,HIGH,T_UNDECL_01,PROCEDURE-DIVISION,20,20,42,COBUG_STATIC_V1
debinix_openjensen,debinix_openjensen/test-utf8.cbl,SB000377,UNUSED_DATA_ITEM,LOW,T_UNUSED_01,WORKING-STORAGE,11,11,42,COBUG_STATIC_V1
debinix_openjensen,debinix_openjensen/toolchaindisplaytest.cbl,SB000378,UNUSED_DATA_ITEM,LOW,T_UNUSED_01,WORKING-STORAGE,13,13,42,COBUG_STATIC_V1
debinix_openjensen,debinix_openjensen/anslutdb.cbl,SB000379,UNUSED_DATA_ITEM,LOW,T_UNUSED_01,WORKING-STORAGE,13,13,42,COBUG_STATIC_V1
debinix_openjensen,debinix_openjensen/anslutdb.cbl,SB000380,UNDECLARED_IDENTIFIER_REFERENCE,HIGH,T_UNDECL_01,PROCEDURE-DIVISION,26,26,42,COBUG_STATIC_V1
debinix_openjensen,debinix_openjensen/url-charconv.cbl,SB000381,UNUSED_DATA_ITEM,LOW,T_UNUSED_01,WORKING-STORAGE,13,13,42,COBUG_STATIC_V1
debinix_openjensen,debinix_openjensen/cgi-list-betygalla.cbl,SB000382,UNDECLARED_IDENTIFIER_REFERENCE,HIGH,T_UNDECL_01,PROCEDURE-DIVISION,168,168,42,COBUG_STATIC_V1
debinix_openjensen,debinix_openjensen/cgi-list-betygalla.cbl,SB000383,MISSING_ELSE_FOR_CRITICAL_CHECK,LOW,T_MELSE_01,PROCEDURE-DIVISION,170,173,42,COBUG_STATIC_V1
debinix_openjensen,debinix_openjensen/cgi-remove-local.cbl,SB000384,REDUNDANT_GOTO,MEDIUM,T_GOTO_01,PROCEDURE-DIVISION,64,71,42,COBUG_STATIC_V1
debinix_openjensen,debinix_openjensen/cgi-remove-local.cbl,SB000385,UNDECLARED_IDENTIFIER_REFERENCE,HIGH,T_UNDECL_01,PROCEDURE-DIVISION,64,64,42,COBUG_STATIC_V1
debinix_openjensen,debinix_openjensen/cgi-add-betyg.cbl,SB000386,MISSING_ELSE_FOR_CRITICAL_CHECK,LOW,T_MELSE_01,PROCEDURE-DIVISION,64,67,42,COBUG_STATIC_V1
debinix_openjensen,debinix_openjensen/cgi-add-betyg.cbl,SB000387,UNUSED_DATA_ITEM,LOW,T_UNUSED_01,WORKING-STORAGE,11,11,42,COBUG_STATIC_V1
debinix_openjensen,debinix_openjensen/bktort.cbl,SB000388,REDUNDANT_GOTO,MEDIUM,T_GOTO_01,PROCEDURE-DIVISION,35,42,42,COBUG_STATIC_V1
debinix_openjensen,debinix_openjensen/cgi-list-local.cbl,SB000389,MISSING_ELSE_FOR_CRITICAL_CHECK,LOW,T_MELSE_01,PROCEDURE-DIVISION,62,65,42,COBUG_STATIC_V1
debinix_openjensen,debinix_openjensen/cgi-list-local.cbl,SB000390,UNDECLARED_IDENTIFIER_REFERENCE,HIGH,T_UNDECL_01,PROCEDURE-DIVISION,62,62,42,COBUG_STATIC_V1
debinix_openjensen,debinix_openjensen/cgi-list-users.cbl,SB000391,MISSING_ELSE_FOR_CRITICAL_CHECK,LOW,T_MELSE_01,PROCEDURE-DIVISION,130,133,42,COBUG_STATIC_V1
debinix_openjensen,debinix_openjensen/cgi-list-users.cbl,SB000392,REDUNDANT_GOTO,MEDIUM,T_GOTO_01,PROCEDURE-DIVISION,130,137,42,COBUG_STATIC_V1
debinix_openjensen,debinix_openjensen/cgi-add-user.cbl,SB000393,REDUNDANT_GOTO,MEDIUM,T_GOTO_01,PROCEDURE-DIVISION,69,76,42,COBUG_STATIC_V1
debinix_openjensen,debinix_openjensen/ok-printscr.cbl,SB000394,UNUSED_DATA_ITEM,LOW,T_UNUSED_01,WORKING-STORAGE,13,13,42,COBUG_STATIC_V1
debinix_openjensen,debinix_openjensen/write-post-string.cbl,SB000395,UNUSED_DATA_ITEM,LOW,T_UNUSED_01,WORKING-STORAGE,37,37,42,COBUG_STATIC_V1
debinix_openjensen,debinix_openjensen/test-php-unlink.cbl,SB000396,UNUSED_DATA_ITEM,LOW,T_UNUSED_01,WORKING-STORAGE,24,24,42,COBUG_STATIC_V1
debinix_openjensen,debinix_openjensen/test-php-unlink.cbl,SB000397,UNDECLARED_IDENTIFIER_REFERENCE,HIGH,T_UNDECL_01,PROCEDURE-DIVISION,30,30,42,COBUG_STATIC_V1
debinix_openjensen,debinix_openjensen/stop-printscr.cbl,SB000398,UNUSED_DATA_ITEM,LOW,T_UNUSED_01,WORKING-STORAGE,40,40,42,COBUG_STATIC_V1
debinix_openjensen,debinix_openjensen/cgi-edit-betyg.cbl,SB000399,REDUNDANT_GOTO,MEDIUM,T_GOTO_01,PROCEDURE-DIVISION,62,69,42,COBUG_STATIC_V1
debinix_openjensen,debinix_openjensen/cgi-remove-user.cbl,SB000400,MISSING_ELSE_FOR_CRITICAL_CHECK,LOW,T_MELSE_01,PROCEDURE-DIVISION,75,78,42,COBUG_STATIC_V1
debinix_openjensen,debinix_openjensen/wui-start-html.cbl,SB000401,UNUSED_DATA_ITEM,LOW,T_UNUSED_01,WORKING-STORAGE,15,15,42,COBUG_STATIC_V1
bmcsoftware_vscode-ispw,bmcsoftware_vscode-ispw/CWXTDATE.cbl,SB000402,UNUSED_DATA_ITEM,LOW,T_UNUSED_01,WORKING-STORAGE,14,14,42,COBUG_STATIC_V1
bmcsoftware_vscode-ispw,bmcsoftware_vscode-ispw/CWBWCOBX.cbl,SB000403,UNUSED_DATA_ITEM,LOW,T_UNUSED_01,WORKING-STORAGE,35,35,42,COBUG_STATIC_V1
bmcsoftware_vscode-ispw,bmcsoftware_vscode-ispw/CWXTCOB.cbl,SB000404,UNUSED_DATA_ITEM,LOW,T_UNUSED_01,WORKING-STORAGE,36,36,42,COBUG_STATIC_V1
bmcsoftware_vscode-ispw,bmcsoftware_vscode-ispw/CWKTSUBC.cbl,SB000405,UNUSED_DATA_ITEM,LOW,T_UNUSED_01,WORKING-STORAGE,13,13,42,COBUG_STATIC_V1
bmcsoftware_vscode-ispw,bmcsoftware_vscode-ispw/CWKTCOBX.cbl,SB000406,UNUSED_DATA_ITEM,LOW,T_UNUSED_01,WORKING-STORAGE,35,35,42,COBUG_STATIC_V1
bmcsoftware_vscode-ispw,bmcsoftware_vscode-ispw/CWKTDB2X.cbl,SB000407,UNUSED_DATA_ITEM,LOW,T_UNUSED_01,WORKING-STORAGE,35,35,42,COBUG_STATIC_V1
bmcsoftware_vscode-ispw,bmcsoftware_vscode-ispw/CWBWDATE.cbl,SB000408,UNUSED_DATA_ITEM,LOW,T_UNUSED_01,WORKING-STORAGE,13,13,42,COBUG_STATIC_V1
bmcsoftware_vscode-ispw,bmcsoftware_vscode-ispw/CWKTDATE.cbl,SB000409,UNUSED_DATA_ITEM,LOW,T_UNUSED_01,WORKING-STORAGE,13,13,42,COBUG_STATIC_V1
bmcsoftware_vscode-ispw,bmcsoftware_vscode-ispw/CWBWSUBC.cbl,SB000410,UNUSED_DATA_ITEM,LOW,T_UNUSED_01,WORKING-STORAGE,13,13,42,COBUG_STATIC_V1
bmcsoftware_vscode-ispw,bmcsoftware_vscode-ispw/CWXTSUBC.cbl,SB000411,UNUSED_DATA_ITEM,LOW,T_UNUSED_01,WORKING-STORAGE,13,13,42,COBUG_STATIC_V1
bmcsoftware_vscode-ispw,bmcsoftware_vscode-ispw/TSUBR01.cbl,SB000412,UNUSED_DATA_ITEM,LOW,T_UNUSED_01,WORKING-STORAGE,57,57,42,COBUG_STATIC_V1
z390development_z390,z390development_z390/TESTCAL2.CBL,SB000413,UNUSED_DATA_ITEM,LOW,T_UNUSED_01,WORKING-STORAGE,14,14,42,COBUG_STATIC_V1
z390development_z390,z390development_z390/UPROGRAM.CBL,SB000414,UNUSED_DATA_ITEM,LOW,T_UNUSED_01,WORKING-STORAGE,32,32,42,COBUG_STATIC_V1
z390development_z390,z390development_z390/UPROGRAM.CBL,SB000415,REDUNDANT_GOTO,MEDIUM,T_GOTO_01,PROCEDURE-DIVISION,278,285,42,COBUG_STATIC_V1
z390development_z390,z390development_z390/P8JFC.CBL,SB000416,DEAD_CODE_AFTER_STOP_RUN,MEDIUM,T_DEAD_01,AFTER-STOP-RUN,35,35,42,COBUG_STATIC_V1
z390development_z390,z390development_z390/P8JFC.CBL,SB000417,UNUSED_DATA_ITEM,LOW,T_UNUSED_01,WORKING-STORAGE,9,9,42,COBUG_STATIC_V1
z390development_z390,z390development_z390/TESTFUN1.CBL,SB000418,UNDECLARED_IDENTIFIER_REFERENCE,HIGH,T_UNDECL_01,PROCEDURE-DIVISION,56,56,42,COBUG_STATIC_V1
z390development_z390,z390development_z390/TESTFUN1.CBL,SB000419,UNUSED_DATA_ITEM,LOW,T_UNUSED_01,WORKING-STORAGE,8,8,42,COBUG_STATIC_V1
z390development_z390,z390development_z390/TESTDIV2.CBL,SB000420,REDUNDANT_GOTO,MEDIUM,T_GOTO_01,PROCEDURE-DIVISION,56,63,42,COBUG_STATIC_V1
z390development_z390,z390development_z390/TESTDIV2.CBL,SB000421,UNDECLARED_IDENTIFIER_REFERENCE,HIGH,T_UNDECL_01,PROCEDURE-DIVISION,56,56,42,COBUG_STATIC_V1
z390development_z390,z390development_z390/TESTCMP2.CBL,SB000422,DEAD_CODE_AFTER_STOP_RUN,MEDIUM,T_DEAD_01,AFTER-STOP-RUN,512,512,42,COBUG_STATIC_V1
z390development_z390,z390development_z390/TESTCMP2.CBL,SB000423,UNDECLARED_IDENTIFIER_REFERENCE,HIGH,T_UNDECL_01,PROCEDURE-DIVISION,34,34,42,COBUG_STATIC_V1
z390development_z390,z390development_z390/TESTMOV3.CBL,SB000424,DEAD_CODE_AFTER_STOP_RUN,MEDIUM,T_DEAD_01,AFTER-STOP-RUN,270,270,42,COBUG_STATIC_V1
z390development_z390,z390development_z390/TESTMOV3.CBL,SB000425,MISSING_ELSE_FOR_CRITICAL_CHECK,LOW,T_MELSE_01,PROCEDURE-DIVISION,43,46,42,COBUG_STATIC_V1
z390development_z390,z390development_z390/TESTPM2.CBL,SB000426,REDUNDANT_GOTO,MEDIUM,T_GOTO_01,PROCEDURE-DIVISION,8,15,42,COBUG_STATIC_V1
z390development_z390,z390development_z390/TESTPM2.CBL,SB000427,MISSING_ELSE_FOR_CRITICAL_CHECK,LOW,T_MELSE_01,PROCEDURE-DIVISION,10,13,42,COBUG_STATIC_V1
z390development_z390,z390development_z390/TESTINT1.CBL,SB000428,UNUSED_DATA_ITEM,LOW,T_UNUSED_01,WORKING-STORAGE,7,7,42,COBUG_STATIC_V1
z390development_z390,z390development_z390/TESTBEC4.CBL,SB000429,UNUSED_DATA_ITEM,LOW,T_UNUSED_01,WORKING-STORAGE,32,32,42,COBUG_STATIC_V1
z390development_z390,z390development_z390/DATETIME.CBL,SB000430,DEAD_CODE_AFTER_STOP_RUN,MEDIUM,T_DEAD_01,AFTER-STOP-RUN,83,83,42,COBUG_STATIC_V1
z390development_z390,z390development_z390/TESTCPY1.CBL,SB000431,UNUSED_DATA_ITEM,LOW,T_UNUSED_01,WORKING-STORAGE,10,10,42,COBUG_STATIC_V1
z390development_z390,z390development_z390/TESTCPY1.CBL,SB000432,MISSING_ELSE_FOR_CRITICAL_CHECK,LOW,T_MELSE_01,PROCEDURE-DIVISION,16,19,42,COBUG_STATIC_V1
z390development_z390,z390development_z390/TESTISP1.CBL,SB000433,UNDECLARED_IDENTIFIER_REFERENCE,HIGH,T_UNDECL_01,PROCEDURE-DIVISION,13,13,42,COBUG_STATIC_V1
z390development_z390,z390development_z390/TESTISP1.CBL,SB000434,REDUNDANT_GOTO,MEDIUM,T_GOTO_01,PROCEDURE-DIVISION,13,20,42,COBUG_STATIC_V1
z390development_z390,z390development_z390/TESTCMP5.CBL,SB000435,UNDECLARED_IDENTIFIER_REFERENCE,HIGH,T_UNDECL_01,PROCEDURE-DIVISION,26,26,42,COBUG_STATIC_V1
z390development_z390,z390development_z390/TESTCMP5.CBL,SB000436,REDUNDANT_GOTO,MEDIUM,T_GOTO_01,PROCEDURE-DIVISION,26,33,42,COBUG_STATIC_V1
z390development_z390,z390development_z390/TESTBEC7.CBL,SB000437,UNUSED_DATA_ITEM,LOW,T_UNUSED_01,WORKING-STORAGE,31,31,42,COBUG_STATIC_V1
z390development_z390,z390development_z390/TESTSIX2.CBL,SB000438,UNDECLARED_IDENTIFIER_REFERENCE,HIGH,T_UNDECL_01,PROCEDURE-DIVISION,31,31,42,COBUG_STATIC_V1
z390development_z390,z390development_z390/TESTSIX2.CBL,SB000439,MISSING_ELSE_FOR_CRITICAL_CHECK,LOW,T_MELSE_01,PROCEDURE-DIVISION,33,36,42,COBUG_STATIC_V1
z390development_z390,z390development_z390/TESTCPY2.CBL,SB000440,REDUNDANT_GOTO,MEDIUM,T_GOTO_01,PROCEDURE-DIVISION,14,21,42,COBUG_STATIC_V1
z390development_z390,z390development_z390/TESTCPY2.CBL,SB000441,MISSING_ELSE_FOR_CRITICAL_CHECK,LOW,T_MELSE_01,PROCEDURE-DIVISION,16,19,42,COBUG_STATIC_V1
z390development_z390,z390development_z390/TESTADD2.CBL,SB000442,MISSING_ELSE_FOR_CRITICAL_CHECK,LOW,T_MELSE_01,PROCEDURE-DIVISION,58,61,42,COBUG_STATIC_V1
z390development_z390,z390development_z390/TESTBEC2.CBL,SB000443,UNUSED_DATA_ITEM,LOW,T_UNUSED_01,WORKING-STORAGE,42,42,42,COBUG_STATIC_V1
z390development_z390,z390development_z390/TESTBEC5.CBL,SB000444,UNUSED_DATA_ITEM,LOW,T_UNUSED_01,WORKING-STORAGE,31,31,42,COBUG_STATIC_V1
z390development_z390,z390development_z390/TESTRMD1.CBL,SB000445,MISSING_ELSE_FOR_CRITICAL_CHECK,LOW,T_MELSE_01,PROCEDURE-DIVISION,24,27,42,COBUG_STATIC_V1
z390development_z390,z390development_z390/TESTVSC3.CBL,SB000446,UNUSED_DATA_ITEM,LOW,T_UNUSED_01,WORKING-STORAGE,111,111,42,COBUG_STATIC_V1
z390development_z390,z390development_z390/TESTPIC1.CBL,SB000447,DEAD_CODE_AFTER_STOP_RUN,MEDIUM,T_DEAD_01,AFTER-STOP-RUN,256,256,42,COBUG_STATIC_V1
z390development_z390,z390development_z390/TESTCAL1.CBL,SB000448,DEAD_CODE_AFTER_STOP_RUN,MEDIUM,T_DEAD_01,AFTER-STOP-RUN,35,35,42,COBUG_STATIC_V1
z390development_z390,z390development_z390/TESTCAL1.CBL,SB000449,UNUSED_DATA_ITEM,LOW,T_UNUSED_01,WORKING-STORAGE,14,14,42,COBUG_STATIC_V1
z390development_z390,z390development_z390/TESTTRC2.CBL,SB000450,UNUSED_DATA_ITEM,LOW,T_UNUSED_01,WORKING-STORAGE,7,7,42,COBUG_STATIC_V1
z390development_z390,z390development_z390/HELLO.CBL,SB000451,DEAD_CODE_AFTER_STOP_RUN,MEDIUM,T_DEAD_01,AFTER-STOP-RUN,6,6,42,COBUG_STATIC_V1
z390development_z390,z390development_z390/TESTMOV1.CBL,SB000452,UNUSED_DATA_ITEM,LOW,T_UNUSED_01,WORKING-STORAGE,10,10,42,COBUG_STATIC_V1
z390development_z390,z390development_z390/TESTMOV1.CBL,SB000453,UNDECLARED_IDENTIFIER_REFERENCE,HIGH,T_UNDECL_01,PROCEDURE-DIVISION,31,31,42,COBUG_STATIC_V1
z390development_z390,z390development_z390/TESTPM1.CBL,SB000454,UNUSED_DATA_ITEM,LOW,T_UNUSED_01,WORKING-STORAGE,8,8,42,COBUG_STATIC_V1
z390development_z390,z390development_z390/TESTTRC1.CBL,SB000455,UNDECLARED_IDENTIFIER_REFERENCE,HIGH,T_UNDECL_01,PROCEDURE-DIVISION,12,12,42,COBUG_STATIC_V1
z390development_z390,z390development_z390/TESTPM3.CBL,SB000456,DEAD_CODE_AFTER_STOP_RUN,MEDIUM,T_DEAD_01,AFTER-STOP-RUN,42,42,42,COBUG_STATIC_V1
z390development_z390,z390development_z390/TESTICC1.CBL,SB000457,UNUSED_DATA_ITEM,LOW,T_UNUSED_01,WORKING-STORAGE,55,55,42,COBUG_STATIC_V1
z390development_z390,z390development_z390/TESTADD1.CBL,SB000458,DEAD_CODE_AFTER_STOP_RUN,MEDIUM,T_DEAD_01,AFTER-STOP-RUN,300,300,42,COBUG_STATIC_V1
z390development_z390,z390development_z390/POWERS.CBL,SB000459,MISSING_ELSE_FOR_CRITICAL_CHECK,LOW,T_MELSE_01,PROCEDURE-DIVISION,16,19,42,COBUG_STATIC_V1
z390development_z390,z390development_z390/TESTVSC1.CBL,SB000460,UNUSED_DATA_ITEM,LOW,T_UNUSED_01,WORKING-STORAGE,52,52,42,COBUG_STATIC_V1
z390development_z390,z390development_z390/TESTWS1.CBL,SB000461,REDUNDANT_GOTO,MEDIUM,T_GOTO_01,PROCEDURE-DIVISION,72,79,42,COBUG_STATIC_V1
z390development_z390,z390development_z390/TESTFIL2.CBL,SB000462,REDUNDANT_GOTO,MEDIUM,T_GOTO_01,PROCEDURE-DIVISION,26,33,42,COBUG_STATIC_V1
z390development_z390,z390development_z390/TESTFIL2.CBL,SB000463,UNDECLARED_IDENTIFIER_REFERENCE,HIGH,T_UNDECL_01,PROCEDURE-DIVISION,26,26,42,COBUG_STATIC_V1
z390development_z390,z390development_z390/TESTGO1.CBL,SB000464,UNUSED_DATA_ITEM,LOW,T_UNUSED_01,WORKING-STORAGE,8,8,42,COBUG_STATIC_V1
z390development_z390,z390development_z390/TESTDSP1.CBL,SB000465,REDUNDANT_GOTO,MEDIUM,T_GOTO_01,PROCEDURE-DIVISION,44,51,42,COBUG_STATIC_V1
z390development_z390,z390development_z390/TESTDSP1.CBL,SB000466,DEAD_CODE_AFTER_STOP_RUN,MEDIUM,T_DEAD_01,AFTER-STOP-RUN,107,107,42,COBUG_STATIC_V1
z390development_z390,z390development_z390/TESTMPY2.CBL,SB000467,MISSING_ELSE_FOR_CRITICAL_CHECK,LOW,T_MELSE_01,PROCEDURE-DIVISION,58,61,42,COBUG_STATIC_V1
z390development_z390,z390development_z390/TESTMPY2.CBL,SB000468,REDUNDANT_GOTO,MEDIUM,T_GOTO_01,PROCEDURE-DIVISION,58,65,42,COBUG_STATIC_V1
z390development_z390,z390development_z390/TESTBEC9.CBL,SB000469,UNUSED_DATA_ITEM,LOW,T_UNUSED_01,WORKING-STORAGE,55,55,42,COBUG_STATIC_V1
z390development_z390,z390development_z390/COPYFILE.CBL,SB000470,UNUSED_DATA_ITEM,LOW,T_UNUSED_01,WORKING-STORAGE,20,20,42,COBUG_STATIC_V1
z390development_z390,z390development_z390/COPYFILE.CBL,SB000471,REDUNDANT_GOTO,MEDIUM,T_GOTO_01,PROCEDURE-DIVISION,27,34,42,COBUG_STATIC_V1
z390development_z390,z390development_z390/TESTCMP4.CBL,SB000472,MISSING_ELSE_FOR_CRITICAL_CHECK,LOW,T_MELSE_01,PROCEDURE-DIVISION,49,52,42,COBUG_STATIC_V1
z390development_z390,z390development_z390/TESTHFP1.CBL,SB000473,UNUSED_DATA_ITEM,LOW,T_UNUSED_01,WORKING-STORAGE,12,12,42,COBUG_STATIC_V1
z390development_z390,z390development_z390/TESTHFP1.CBL,SB000474,REDUNDANT_GOTO,MEDIUM,T_GOTO_01,PROCEDURE-DIVISION,48,55,42,COBUG_STATIC_V1
z390development_z390,z390development_z390/TESTVSC2.CBL,SB000475,UNUSED_DATA_ITEM,LOW,T_UNUSED_01,WORKING-STORAGE,71,71,42,COBUG_STATIC_V1
z390development_z390,z390development_z390/TESTMOV2.CBL,SB000476,UNUSED_DATA_ITEM,LOW,T_UNUSED_01,WORKING-STORAGE,7,7,42,COBUG_STATIC_V1
z390development_z390,z390development_z390/TESTMOV2.CBL,SB000477,DEAD_CODE_AFTER_STOP_RUN,MEDIUM,T_DEAD_01,AFTER-STOP-RUN,143,143,42,COBUG_STATIC_V1
z390development_z390,z390development_z390/TESTIF2.CBL,SB000478,REDUNDANT_GOTO,MEDIUM,T_GOTO_01,PROCEDURE-DIVISION,15,22,42,COBUG_STATIC_V1
z390development_z390,z390development_z390/U4.CBL,SB000479,MISSING_ELSE_FOR_CRITICAL_CHECK,LOW,T_MELSE_01,PROCEDURE-DIVISION,306,309,42,COBUG_STATIC_V1
z390development_z390,z390development_z390/U4.CBL,SB000480,REDUNDANT_GOTO,MEDIUM,T_GOTO_01,PROCEDURE-DIVISION,306,313,42,COBUG_STATIC_V1
z390development_z390,z390development_z390/U1.CBL,SB000481,REDUNDANT_GOTO,MEDIUM,T_GOTO_01,PROCEDURE-DIVISION,304,311,42,COBUG_STATIC_V1
z390development_z390,z390development_z390/PROGRAM.CBL,SB000482,UNDECLARED_IDENTIFIER_REFERENCE,HIGH,T_UNDECL_01,PROCEDURE-DIVISION,196,196,42,COBUG_STATIC_V1
z390development_z390,z390development_z390/PROGRAM.CBL,SB000483,DEAD_CODE_AFTER_STOP_RUN,MEDIUM,T_DEAD_01,AFTER-STOP-RUN,256,256,42,COBUG_STATIC_V1
z390development_z390,z390development_z390/TESTCMP6.CBL,SB000484,MISSING_ELSE_FOR_CRITICAL_CHECK,LOW,T_MELSE_01,PROCEDURE-DIVISION,28,31,42,COBUG_STATIC_V1
z390development_z390,z390development_z390/TESTCMP6.CBL,SB000485,DEAD_CODE_AFTER_STOP_RUN,MEDIUM,T_DEAD_01,AFTER-STOP-RUN,261,261,42,COBUG_STATIC_V1
z390development_z390,z390development_z390/TESTCAL3.CBL,SB000486,UNUSED_DATA_ITEM,LOW,T_UNUSED_01,WORKING-STORAGE,14,14,42,COBUG_STATIC_V1
z390development_z390,z390development_z390/TESTCMP1.CBL,SB000487,REDUNDANT_GOTO,MEDIUM,T_GOTO_01,PROCEDURE-DIVISION,31,38,42,COBUG_STATIC_V1
z390development_z390,z390development_z390/TESTDFP1.CBL,SB000488,DEAD_CODE_AFTER_STOP_RUN,MEDIUM,T_DEAD_01,AFTER-STOP-RUN,400,400,42,COBUG_STATIC_V1
z390development_z390,z390development_z390/TESTBEC1.CBL,SB000489,UNUSED_DATA_ITEM,LOW,T_UNUSED_01,WORKING-STORAGE,39,39,42,COBUG_STATIC_V1
z390development_z390,z390development_z390/TESTIF1.CBL,SB000490,UNDECLARED_IDENTIFIER_REFERENCE,HIGH,T_UNDECL_01,PROCEDURE-DIVISION,37,37,42,COBUG_STATIC_V1
z390development_z390,z390development_z390/TESTIF1.CBL,SB000491,MISSING_ELSE_FOR_CRITICAL_CHECK,LOW,T_MELSE_01,PROCEDURE-DIVISION,39,42,42,COBUG_STATIC_V1
z390development_z390,z390development_z390/TESTSUB1.CBL,SB000492,UNDECLARED_IDENTIFIER_REFERENCE,HIGH,T_UNDECL_01,PROCEDURE-DIVISION,56,56,42,COBUG_STATIC_V1
z390development_z390,z390development_z390/TESTBFP1.CBL,SB000493,UNDECLARED_IDENTIFIER_REFERENCE,HIGH,T_UNDECL_01,PROCEDURE-DIVISION,44,44,42,COBUG_STATIC_V1
z390development_z390,z390development_z390/TESTSIX1.CBL,SB000494,REDUNDANT_GOTO,MEDIUM,T_GOTO_01,PROCEDURE-DIVISION,24,31,42,COBUG_STATIC_V1
z390development_z390,z390development_z390/TESTSIX1.CBL,SB000495,MISSING_ELSE_FOR_CRITICAL_CHECK,LOW,T_MELSE_01,PROCEDURE-DIVISION,26,29,42,COBUG_STATIC_V1
z390development_z390,z390development_z390/TESTBMC1.CBL,SB000496,UNUSED_DATA_ITEM,LOW,T_UNUSED_01,WORKING-STORAGE,32,32,42,COBUG_STATIC_V1
z390development_z390,z390development_z390/TESTCMP3.CBL,SB000497,DEAD_CODE_AFTER_STOP_RUN,MEDIUM,T_DEAD_01,AFTER-STOP-RUN,255,255,42,COBUG_STATIC_V1
z390development_z390,z390development_z390/TESTBEC6.CBL,SB000498,UNUSED_DATA_ITEM,LOW,T_UNUSED_01,WORKING-STORAGE,54,54,42,COBUG_STATIC_V1
z390development_z390,z390development_z390/TESTBEC8.CBL,SB000499,UNUSED_DATA_ITEM,LOW,T_UNUSED_01,WORKING-STORAGE,31,31,42,COBUG_STATIC_V1
z390development_z390,z390development_z390/TESTSUB2.CBL,SB000500,UNUSED_DATA_ITEM,LOW,T_UNUSED_01,WORKING-STORAGE,8,8,42,COBUG_STATIC_V1
z390development_z390,z390development_z390/TESTSUB2.CBL,SB000501,DEAD_CODE_AFTER_STOP_RUN,MEDIUM,T_DEAD_01,AFTER-STOP-RUN,302,302,42,COBUG_STATIC_V1
z390development_z390,z390development_z390/TESTTRC3.CBL,SB000502,REDUNDANT_GOTO,MEDIUM,T_GOTO_01,PROCEDURE-DIVISION,12,19,42,COBUG_STATIC_V1
z390development_z390,z390development_z390/TESTTRC3.CBL,SB000503,MISSING_ELSE_FOR_CRITICAL_CHECK,LOW,T_MELSE_01,PROCEDURE-DIVISION,14,17,42,COBUG_STATIC_V1
z390development_z390,z390development_z390/TESTFIL1.CBL,SB000504,UNUSED_DATA_ITEM,LOW,T_UNUSED_01,WORKING-STORAGE,21,21,42,COBUG_STATIC_V1
z390development_z390,z390development_z390/TESTFIL1.CBL,SB000505,DEAD_CODE_AFTER_STOP_RUN,MEDIUM,T_DEAD_01,AFTER-STOP-RUN,37,37,42,COBUG_STATIC_V1
z390development_z390,z390development_z390/TESTMPY1.CBL,SB000506,UNDECLARED_IDENTIFIER_REFERENCE,HIGH,T_UNDECL_01,PROCEDURE-DIVISION,56,56,42,COBUG_STATIC_V1
z390development_z390,z390development_z390/TESTMPY1.CBL,SB000507,DEAD_CODE_AFTER_STOP_RUN,MEDIUM,T_DEAD_01,AFTER-STOP-RUN,301,301,42,COBUG_STATIC_V1
z390development_z390,z390development_z390/TESTIF3.CBL,SB000508,DEAD_CODE_AFTER_STOP_RUN,MEDIUM,T_DEAD_01,AFTER-STOP-RUN,37,37,42,COBUG_STATIC_V1
z390development_z390,z390development_z390/TESTIF3.CBL,SB000509,UNDECLARED_IDENTIFIER_REFERENCE,HIGH,T_UNDECL_01,PROCEDURE-DIVISION,15,15,42,COBUG_STATIC_V1
z390development_z390,z390development_z390/TESTDIV1.CBL,SB000510,REDUNDANT_GOTO,MEDIUM,T_GOTO_01,PROCEDURE-DIVISION,56,63,42,COBUG_STATIC_V1
z390development_z390,z390development_z390/TESTDIV1.CBL,SB000511,MISSING_ELSE_FOR_CRITICAL_CHECK,LOW,T_MELSE_01,PROCEDURE-DIVISION,58,61,42,COBUG_STATIC_V1
z390development_z390,z390development_z390/DEMOMAIN.CBL,SB000512,UNDECLARED_IDENTIFIER_REFERENCE,HIGH,T_UNDECL_01,PROCEDURE-DIVISION,54,54,42,COBUG_STATIC_V1
z390development_z390,z390development_z390/USET.CBL,SB000513,UNDECLARED_IDENTIFIER_REFERENCE,HIGH,T_UNDECL_01,PROCEDURE-DIVISION,28,28,42,COBUG_STATIC_V1
z390development_z390,z390development_z390/USET.CBL,SB000514,DEAD_CODE_AFTER_STOP_RUN,MEDIUM,T_DEAD_01,AFTER-STOP-RUN,36,36,42,COBUG_STATIC_V1
neopragma_cobol-unit-test,neopragma_cobol-unit-test/CICSDEMO.CBL,SB000515,UNUSED_DATA_ITEM,LOW,T_UNUSED_01,WORKING-STORAGE,13,13,42,COBUG_STATIC_V1
neopragma_cobol-unit-test,neopragma_cobol-unit-test/CARD3D.CBL,SB000516,UNUSED_DATA_ITEM,LOW,T_UNUSED_01,WORKING-STORAGE,10,10,42,COBUG_STATIC_V1
neopragma_cobol-unit-test,neopragma_cobol-unit-test/CARD3D.CBL,SB000517,REDUNDANT_GOTO,MEDIUM,T_GOTO_01,PROCEDURE-DIVISION,22,29,42,COBUG_STATIC_V1
neopragma_cobol-unit-test,neopragma_cobol-unit-test/convert-bad.cbl,SB000518,REDUNDANT_GOTO,MEDIUM,T_GOTO_01,PROCEDURE-DIVISION,62,69,42,COBUG_STATIC_V1
neopragma_cobol-unit-test,neopragma_cobol-unit-test/FILEDEMO.CBL,SB000519,MISSING_ELSE_FOR_CRITICAL_CHECK,LOW,T_MELSE_01,PROCEDURE-DIVISION,42,45,42,COBUG_STATIC_V1
neopragma_cobol-unit-test,neopragma_cobol-unit-test/CONVERT-TEST.CBL,SB000520,UNDECLARED_IDENTIFIER_REFERENCE,HIGH,T_UNDECL_01,PROCEDURE-DIVISION,56,56,42,COBUG_STATIC_V1
neopragma_cobol-unit-test,neopragma_cobol-unit-test/CONVERT-TEST.CBL,SB000521,REDUNDANT_GOTO,MEDIUM,T_GOTO_01,PROCEDURE-DIVISION,56,63,42,COBUG_STATIC_V1
neopragma_cobol-unit-test,neopragma_cobol-unit-test/FIZZBUZZ.CBL,SB000522,MISSING_ELSE_FOR_CRITICAL_CHECK,LOW,T_MELSE_01,PROCEDURE-DIVISION,41,44,42,COBUG_STATIC_V1
neopragma_cobol-unit-test,neopragma_cobol-unit-test/FIZZBUZZ.CBL,SB000523,REDUNDANT_GOTO,MEDIUM,T_GOTO_01,PROCEDURE-DIVISION,41,48,42,COBUG_STATIC_V1
neopragma_cobol-unit-test,neopragma_cobol-unit-test/VSAMTEST.CBL,SB000524,REDUNDANT_GOTO,MEDIUM,T_GOTO_01,PROCEDURE-DIVISION,16,23,42,COBUG_STATIC_V1
neopragma_cobol-unit-test,neopragma_cobol-unit-test/VSAMTEST.CBL,SB000525,MISSING_ELSE_FOR_CRITICAL_CHECK,LOW,T_MELSE_01,PROCEDURE-DIVISION,18,21,42,COBUG_STATIC_V1
neopragma_cobol-unit-test,neopragma_cobol-unit-test/ZUTZCPC.CBL,SB000526,UNUSED_DATA_ITEM,LOW,T_UNUSED_01,WORKING-STORAGE,77,77,42,COBUG_STATIC_V1
neopragma_cobol-unit-test,neopragma_cobol-unit-test/CARD2D.CBL,SB000527,MISSING_ELSE_FOR_CRITICAL_CHECK,LOW,T_MELSE_01,PROCEDURE-DIVISION,22,25,42,COBUG_STATIC_V1
neopragma_cobol-unit-test,neopragma_cobol-unit-test/CARD2D.CBL,SB000528,UNDECLARED_IDENTIFIER_REFERENCE,HIGH,T_UNDECL_01,PROCEDURE-DIVISION,22,22,42,COBUG_STATIC_V1
neopragma_cobol-unit-test,neopragma_cobol-unit-test/CICSDRIV.CBL,SB000529,UNDECLARED_IDENTIFIER_REFERENCE,HIGH,T_UNDECL_01,PROCEDURE-DIVISION,13,13,42,COBUG_STATIC_V1
neopragma_cobol-unit-test,neopragma_cobol-unit-test/CICSDRIV.CBL,SB000530,UNUSED_DATA_ITEM,LOW,T_UNUSED_01,WORKING-STORAGE,10,10,42,COBUG_STATIC_V1
neopragma_cobol-unit-test,neopragma_cobol-unit-test/VIZZBUZZ.CBL,SB000531,REDUNDANT_GOTO,MEDIUM,T_GOTO_01,PROCEDURE-DIVISION,39,46,42,COBUG_STATIC_V1
neopragma_cobol-unit-test,neopragma_cobol-unit-test/VIZZBUZZ.CBL,SB000532,UNUSED_DATA_ITEM,LOW,T_UNUSED_01,WORKING-STORAGE,13,13,42,COBUG_STATIC_V1
neopragma_cobol-unit-test,neopragma_cobol-unit-test/SUBPROGD.CBL,SB000533,UNDECLARED_IDENTIFIER_REFERENCE,HIGH,T_UNDECL_01,PROCEDURE-DIVISION,14,14,42,COBUG_STATIC_V1
neopragma_cobol-unit-test,neopragma_cobol-unit-test/SUBPROGD.CBL,SB000534,REDUNDANT_GOTO,MEDIUM,T_GOTO_01,PROCEDURE-DIVISION,14,21,42,COBUG_STATIC_V1
neopragma_cobol-unit-test,neopragma_cobol-unit-test/CONVER2.CBL,SB000535,MISSING_ELSE_FOR_CRITICAL_CHECK,LOW,T_MELSE_01,PROCEDURE-DIVISION,69,72,42,COBUG_STATIC_V1
neopragma_cobol-unit-test,neopragma_cobol-unit-test/CONVERT.CBL,SB000536,MISSING_ELSE_FOR_CRITICAL_CHECK,LOW,T_MELSE_01,PROCEDURE-DIVISION,68,71,42,COBUG_STATIC_V1
neopragma_cobol-unit-test,neopragma_cobol-unit-test/CONVERT.CBL,SB000537,REDUNDANT_GOTO,MEDIUM,T_GOTO_01,PROCEDURE-DIVISION,68,75,42,COBUG_STATIC_V1
neopragma_cobol-unit-test,neopragma_cobol-unit-test/CARD1.CBL,SB000538,UNDECLARED_IDENTIFIER_REFERENCE,HIGH,T_UNDECL_01,PROCEDURE-DIVISION,60,60,42,COBUG_STATIC_V1
neopragma_cobol-unit-test,neopragma_cobol-unit-test/CARD1.CBL,SB000539,MISSING_ELSE_FOR_CRITICAL_CHECK,LOW,T_MELSE_01,PROCEDURE-DIVISION,62,65,42,COBUG_STATIC_V1
neopragma_cobol-unit-test,neopragma_cobol-unit-test/SUBPROG.CBL,SB000540,UNUSED_DATA_ITEM,LOW,T_UNUSED_01,WORKING-STORAGE,10,10,42,COBUG_STATIC_V1
neopragma_cobol-unit-test,neopragma_cobol-unit-test/PARADEMO.CBL,SB000541,UNUSED_DATA_ITEM,LOW,T_UNUSED_01,WORKING-STORAGE,29,29,42,COBUG_STATIC_V1
neopragma_cobol-unit-test,neopragma_cobol-unit-test/convert-bad2.cbl,SB000542,MISSING_ELSE_FOR_CRITICAL_CHECK,LOW,T_MELSE_01,PROCEDURE-DIVISION,64,67,42,COBUG_STATIC_V1
neopragma_cobol-unit-test,neopragma_cobol-unit-test/convert-bad2.cbl,SB000543,UNUSED_DATA_ITEM,LOW,T_UNUSED_01,WORKING-STORAGE,31,31,42,COBUG_STATIC_V1
neopragma_cobol-unit-test,neopragma_cobol-unit-test/INVDATE.CBL,SB000544,UNDECLARED_IDENTIFIER_REFERENCE,HIGH,T_UNDECL_01,PROCEDURE-DIVISION,18,18,42,COBUG_STATIC_V1
neopragma_cobol-unit-test,neopragma_cobol-unit-test/INVDATE.CBL,SB000545,REDUNDANT_GOTO,MEDIUM,T_GOTO_01,PROCEDURE-DIVISION,18,25,42,COBUG_STATIC_V1
neopragma_cobol-unit-test,neopragma_cobol-unit-test/SAMPLE.CBL,SB000546,UNDECLARED_IDENTIFIER_REFERENCE,HIGH,T_UNDECL_01,PROCEDURE-DIVISION,15,15,42,COBUG_STATIC_V1
neopragma_cobol-unit-test,neopragma_cobol-unit-test/SAMPLE.CBL,SB000547,UNUSED_DATA_ITEM,LOW,T_UNUSED_01,WORKING-STORAGE,10,10,42,COBUG_STATIC_V1
neopragma_cobol-unit-test,neopragma_cobol-unit-test/CARD3.CBL,SB000548,MISSING_ELSE_FOR_CRITICAL_CHECK,LOW,T_MELSE_01,PROCEDURE-DIVISION,68,71,42,COBUG_STATIC_V1
neopragma_cobol-unit-test,neopragma_cobol-unit-test/CARD3.CBL,SB000549,REDUNDANT_GOTO,MEDIUM,T_GOTO_01,PROCEDURE-DIVISION,68,75,42,COBUG_STATIC_V1
neopragma_cobol-unit-test,neopragma_cobol-unit-test/CALLDEMO.CBL,SB000550,MISSING_ELSE_FOR_CRITICAL_CHECK,LOW,T_MELSE_01,PROCEDURE-DIVISION,16,19,42,COBUG_STATIC_V1
neopragma_cobol-unit-test,neopragma_cobol-unit-test/CARD2.CBL,SB000551,UNUSED_DATA_ITEM,LOW,T_UNUSED_01,WORKING-STORAGE,11,11,42,COBUG_STATIC_V1
neopragma_cobol-unit-test,neopragma_cobol-unit-test/MOCKDEMO.CBL,SB000552,REDUNDANT_GOTO,MEDIUM,T_GOTO_01,PROCEDURE-DIVISION,45,52,42,COBUG_STATIC_V1
