repo_id,file_path,requested_types,failure_type,details
seanpm2001_SNU_2D_ProgrammingTools_IDE_COBOL,seanpm2001_SNU_2D_ProgrammingTools_IDE_COBOL/ReportWriter_V1.cob,,SKIP_NOT_PROGRAM,No PROCEDURE DIVISION
seanpm2001_SNU_2D_ProgrammingTools_IDE_COBOL,seanpm2001_SNU_2D_ProgrammingTools_IDE_COBOL/COBOLTEST1.cob,,SKIP_NOT_PROGRAM,No PROCEDURE DIVISION
seanpm2001_SNU_2D_ProgrammingTools_IDE_COBOL,seanpm2001_SNU_2D_ProgrammingTools_IDE_COBOL/ADD_ERROR_V1.cob,,SKIP_NOT_PROGRAM,No PROCEDURE DIVISION
seanpm2001_SNU_2D_ProgrammingTools_IDE_COBOL,seanpm2001_SNU_2D_ProgrammingTools_IDE_COBOL/OtherDataLevels1_V1.cob,,SKIP_NOT_PROGRAM,No PROCEDURE DIVISION
seanpm2001_SNU_2D_ProgrammingTools_IDE_COBOL,seanpm2001_SNU_2D_ProgrammingTools_IDE_COBOL/Level88_V1.cob,,SKIP_NOT_PROGRAM,No PROCEDURE DIVISION
seanpm2001_SNU_2D_ProgrammingTools_IDE_COBOL,seanpm2001_SNU_2D_ProgrammingTools_IDE_COBOL/Aggregated2_V1.cob,,SKIP_NOT_PROGRAM,No PROCEDURE DIVISION
seanpm2001_SNU_2D_ProgrammingTools_IDE_COBOL,seanpm2001_SNU_2D_ProgrammingTools_IDE_COBOL/OOP_V1.cob,,SKIP_NOT_PROGRAM,No PROCEDURE DIVISION
seanpm2001_SNU_2D_ProgrammingTools_IDE_COBOL,seanpm2001_SNU_2D_ProgrammingTools_IDE_COBOL/NestedStatement_V1.cob,,SKIP_NOT_PROGRAM,No PROCEDURE DIVISION
seanpm2001_SNU_2D_ProgrammingTools_IDE_COBOL,seanpm2001_SNU_2D_ProgrammingTools_IDE_COBOL/INITIATE_V1.cob,,SKIP_NOT_PROGRAM,No PROCEDURE DIVISION
seanpm2001_SNU_2D_ProgrammingTools_IDE_COBOL,seanpm2001_SNU_2D_ProgrammingTools_IDE_COBOL/ControlFlow_V1.cob,,SKIP_NOT_PROGRAM,No PROCEDURE DIVISION
seanpm2001_SNU_2D_ProgrammingTools_IDE_COBOL,seanpm2001_SNU_2D_ProgrammingTools_IDE_COBOL/ScopeTermination_V1.cob,,SKIP_NOT_PROGRAM,No PROCEDURE DIVISION
seanpm2001_SNU_2D_ProgrammingTools_IDE_COBOL,seanpm2001_SNU_2D_ProgrammingTools_IDE_COBOL/ReportReader_V1.cob,,SKIP_NOT_PROGRAM,No PROCEDURE DIVISION
seanpm2001_SNU_2D_ProgrammingTools_IDE_COBOL,seanpm2001_SNU_2D_ProgrammingTools_IDE_COBOL/ProcedureDivision_V1.cob,,SKIP_NOT_PROGRAM,No PROCEDURE DIVISION
seanpm2001_SNU_2D_ProgrammingTools_IDE_COBOL,seanpm2001_SNU_2D_ProgrammingTools_IDE_COBOL/Aggregated1_V1.cob,,SKIP_NOT_PROGRAM,No PROCEDURE DIVISION
seanpm2001_SNU_2D_ProgrammingTools_IDE_COBOL,seanpm2001_SNU_2D_ProgrammingTools_IDE_COBOL/DanglingElse_V1.cob,,SKIP_NOT_PROGRAM,No PROCEDURE DIVISION
seanpm2001_SNU_2D_ProgrammingTools_IDE_COBOL,seanpm2001_SNU_2D_ProgrammingTools_IDE_COBOL/HELLOWORLD_INCOBOL.cbl,,SKIP_NOT_PROGRAM,No PROCEDURE DIVISION
seanpm2001_SNU_2D_ProgrammingTools_IDE_COBOL,seanpm2001_SNU_2D_ProgrammingTools_IDE_COBOL/Level77_V1.cob,,SKIP_NOT_PROGRAM,No PROCEDURE DIVISION
bhbandam_AZ-Legacy-Engineering,bhbandam_AZ-Legacy-Engineering/wbgetbal.cbl,DIVIDE_BY_ZERO_RISK,NOT_PROGRAM_AFTER_EXTRACT,IDENTIFICATION DIVISION.\n       PROGRAM-ID. WBGETBAL.\n       ENVIRONMENT DIVISION.\n\n       DATA DIVISION.\n\n      *****************************************************************\n 
bhbandam_AZ-Legacy-Engineering,bhbandam_AZ-Legacy-Engineering/wbgetbal.cbl,DIVIDE_BY_ZERO_RISK,NOT_PROGRAM_AFTER_EXTRACT,IDENTIFICATION DIVISION.\n       PROGRAM-ID. WBGETBAL.\n       ENVIRONMENT DIVISION.\n\n       DATA DIVISION.\n\n      *****************************************************************\n 
bhbandam_AZ-Legacy-Engineering,bhbandam_AZ-Legacy-Engineering/wbgetbal.cbl,DIVIDE_BY_ZERO_RISK,NOT_PROGRAM_AFTER_EXTRACT,IDENTIFICATION DIVISION.\n       PROGRAM-ID. WBGETBAL.\n       ENVIRONMENT DIVISION.\n\n       DATA DIVISION.\n\n      *****************************************************************\n 
bhbandam_AZ-Legacy-Engineering,bhbandam_AZ-Legacy-Engineering/wbgetbal.cbl,DIVIDE_BY_ZERO_RISK,FINAL_FAIL,Could not get changed program output
bhbandam_AZ-Legacy-Engineering,bhbandam_AZ-Legacy-Engineering/mscmtics.cbl,MISSING_FILE_STATUS_HANDLING,EXTRACT_FAIL,This COBOL program is designed to handle a concurrent server in a CICS (Customer Information Control System) environment. It includes several sections for different functionalities
bhbandam_AZ-Legacy-Engineering,bhbandam_AZ-Legacy-Engineering/mscmtics.cbl,MISSING_FILE_STATUS_HANDLING,EXTRACT_FAIL,"This COBOL program is designed to handle various tasks in a CICS (Customer Information Control System) environment, particularly related to socket communication and error handling."
bhbandam_AZ-Legacy-Engineering,bhbandam_AZ-Legacy-Engineering/mscmtics.cbl,MISSING_FILE_STATUS_HANDLING,EXTRACT_FAIL,This code is a COBOL program designed to run in a CICS (Customer Information Control System) environment. It appears to be part of a server application that handles network connect
bhbandam_AZ-Legacy-Engineering,bhbandam_AZ-Legacy-Engineering/mscmtics.cbl,MISSING_FILE_STATUS_HANDLING,FINAL_FAIL,Could not get changed program output
bhbandam_AZ-Legacy-Engineering,bhbandam_AZ-Legacy-Engineering/wbgcash.cbl,INFINITE_LOOP_NON_TERMINATION,EXTRACT_FAIL,This COBOL program is designed to handle transactions for a banking system using IBM's Customer Information Control System (CICS). The main functionality of the program includes:\n\n
bhbandam_AZ-Legacy-Engineering,bhbandam_AZ-Legacy-Engineering/wbgcash.cbl,INFINITE_LOOP_NON_TERMINATION,EXTRACT_FAIL,This is a COBOL program that interacts with CICS (Customer Information Control System) to perform operations on VSAM (Virtual Storage Access Method) datasets. The main functionalit
bhbandam_AZ-Legacy-Engineering,bhbandam_AZ-Legacy-Engineering/wbgcash.cbl,INFINITE_LOOP_NON_TERMINATION,EXTRACT_FAIL,"This COBOL program is designed to handle transactions for a banking system, specifically debit operations on checking and savings accounts. It interacts with three VSAM datasets: `"
bhbandam_AZ-Legacy-Engineering,bhbandam_AZ-Legacy-Engineering/wbgcash.cbl,INFINITE_LOOP_NON_TERMINATION,FINAL_FAIL,Could not get changed program output
bhbandam_AZ-Legacy-Engineering,bhbandam_AZ-Legacy-Engineering/wtiadda.cbl,INFINITE_LOOP_NON_TERMINATION,EXTRACT_FAIL,This is a COBOL program designed to be executed in a CICS (Customer Information Control System) environment. The program's primary function appears to be adding a new customer acco
bhbandam_AZ-Legacy-Engineering,bhbandam_AZ-Legacy-Engineering/wtiadda.cbl,INFINITE_LOOP_NON_TERMINATION,EXTRACT_FAIL,"This is a COBOL program that interacts with CICS (Customer Information Control System) to perform operations such as adding customer accounts and transaction details, and logging e"
bhbandam_AZ-Legacy-Engineering,bhbandam_AZ-Legacy-Engineering/wtiadda.cbl,INFINITE_LOOP_NON_TERMINATION,EXTRACT_FAIL,"This is a COBOL program that interacts with CICS (Customer Information Control System) to perform operations such as adding customer accounts and transaction details, and writing l"
bhbandam_AZ-Legacy-Engineering,bhbandam_AZ-Legacy-Engineering/wtiadda.cbl,INFINITE_LOOP_NON_TERMINATION,FINAL_FAIL,Could not get changed program output
bhbandam_AZ-Legacy-Engineering,bhbandam_AZ-Legacy-Engineering/wgrvaddc.cbl,MISSING_FILE_STATUS_HANDLING,EXTRACT_FAIL,"This COBOL program is designed to interact with a Customer VSAM file in a CICS environment. It allows for the addition of new customer records, including validation checks such as "
bhbandam_AZ-Legacy-Engineering,bhbandam_AZ-Legacy-Engineering/wgrvaddc.cbl,MISSING_FILE_STATUS_HANDLING,EXTRACT_FAIL,This COBOL program is designed to add a new customer record into a VSAM (Virtual Storage Access Method) data set in a CICS (Customer Information Control System) environment. The pr
bhbandam_AZ-Legacy-Engineering,bhbandam_AZ-Legacy-Engineering/wgrvaddc.cbl,MISSING_FILE_STATUS_HANDLING,EXTRACT_FAIL,This is a COBOL program designed to run in a CICS (Customer Information Control System) environment. The main function of this program is to add a new customer record to a VSAM (Vi
bhbandam_AZ-Legacy-Engineering,bhbandam_AZ-Legacy-Engineering/wgrvaddc.cbl,MISSING_FILE_STATUS_HANDLING,FINAL_FAIL,Could not get changed program output
bhbandam_AZ-Legacy-Engineering,bhbandam_AZ-Legacy-Engineering/wbxfer.cbl,WRONG_CALCULATION_LOGIC,EXTRACT_FAIL,"This is a COBOL program designed to handle transactions in a banking system, specifically for transferring funds between accounts. The program uses IBM's Customer Information Contr"
bhbandam_AZ-Legacy-Engineering,bhbandam_AZ-Legacy-Engineering/wbxfer.cbl,WRONG_CALCULATION_LOGIC,EXTRACT_FAIL,This is a COBOL program that appears to be handling transactions for transferring money between accounts in a banking system. The program uses IBM's Customer Information Control Sy
bhbandam_AZ-Legacy-Engineering,bhbandam_AZ-Legacy-Engineering/wbxfer.cbl,WRONG_CALCULATION_LOGIC,EXTRACT_FAIL,"This is a COBOL program designed to handle transactions in a banking system, specifically for transferring money between accounts. The program uses CICS (Customer Information Contr"
bhbandam_AZ-Legacy-Engineering,bhbandam_AZ-Legacy-Engineering/wbxfer.cbl,WRONG_CALCULATION_LOGIC,FINAL_FAIL,Could not get changed program output
bhbandam_AZ-Legacy-Engineering,bhbandam_AZ-Legacy-Engineering/wtigacc.cbl,MISSING_FILE_STATUS_HANDLING,EXTRACT_FAIL,This is a COBOL program that interacts with VSAM (Variable Storage Access Method) data sets using CICS (Customer Information Control System). The main purpose of this program is to
bhbandam_AZ-Legacy-Engineering,bhbandam_AZ-Legacy-Engineering/wtigacc.cbl,MISSING_FILE_STATUS_HANDLING,EXTRACT_FAIL,The provided COBOL code is designed to interact with CICS (Customer Information Control System) and perform operations on VSAM (Variable Storage Access Method) data sets. The main 
bhbandam_AZ-Legacy-Engineering,bhbandam_AZ-Legacy-Engineering/wtigacc.cbl,MISSING_FILE_STATUS_HANDLING,EXTRACT_FAIL,"This COBOL program is designed to interact with a CICS (Customer Information Control System) environment, specifically for reading customer and account information from VSAM (Varia"
bhbandam_AZ-Legacy-Engineering,bhbandam_AZ-Legacy-Engineering/wtigacc.cbl,MISSING_FILE_STATUS_HANDLING,FINAL_FAIL,Could not get changed program output
bhbandam_AZ-Legacy-Engineering,bhbandam_AZ-Legacy-Engineering/wgrvcusl.cbl,"UNINITIALIZED_DATA_ITEM_USE,INFINITE_LOOP_NON_TERMINATION",EXTRACT_FAIL,"This is a COBOL program that interacts with a VSAM dataset to manage customer records. The program performs various operations such as retrieving, updating, and listing customer in"
bhbandam_AZ-Legacy-Engineering,bhbandam_AZ-Legacy-Engineering/wgrvcusl.cbl,"UNINITIALIZED_DATA_ITEM_USE,INFINITE_LOOP_NON_TERMINATION",EXTRACT_FAIL,This is a COBOL program that interacts with a VSAM (Virtual Storage Access Method) database to manage customer information for a banking system. The program handles various operati
bhbandam_AZ-Legacy-Engineering,bhbandam_AZ-Legacy-Engineering/wgrvcusl.cbl,"UNINITIALIZED_DATA_ITEM_USE,INFINITE_LOOP_NON_TERMINATION",EXTRACT_FAIL,This is a COBOL program that interacts with a VSAM (Virtual Storage Access Method) database to manage customer information for a bank or financial institution. The program provides
bhbandam_AZ-Legacy-Engineering,bhbandam_AZ-Legacy-Engineering/wgrvcusl.cbl,"UNINITIALIZED_DATA_ITEM_USE,INFINITE_LOOP_NON_TERMINATION",FINAL_FAIL,Could not get changed program output
bhbandam_AZ-Legacy-Engineering,bhbandam_AZ-Legacy-Engineering/wbgetacc.cbl,DIVIDE_BY_ZERO_RISK,EXTRACT_FAIL,<<<COBOL\n*> Inserted a division by zero error in the GET-ACCT-NEXT paragraph to simulate a DIVIDE BY ZERO runtime error.\n*> This is done by adding a dummy computation that divides 
bhbandam_AZ-Legacy-Engineering,bhbandam_AZ-Legacy-Engineering/wbgetacc.cbl,DIVIDE_BY_ZERO_RISK,EXTRACT_FAIL,<<<COBOL\n*> Inserted a divide by zero error in the GET-ACCT-NEXT section to simulate a runtime error.\n*> This is just for demonstration purposes and should be removed or handled pr
bhbandam_AZ-Legacy-Engineering,bhbandam_AZ-Legacy-Engineering/wbgetacc.cbl,DIVIDE_BY_ZERO_RISK,EXTRACT_FAIL,<<<COBOL\n*> Inserted a division by zero error in the GET-ACCT-NEXT paragraph to simulate a DIVIDE BY ZERO runtime error.\n*> This is for demonstration purposes only and should be re
bhbandam_AZ-Legacy-Engineering,bhbandam_AZ-Legacy-Engineering/wbgetacc.cbl,DIVIDE_BY_ZERO_RISK,FINAL_FAIL,Could not get changed program output
ve3wwg_cobcurses,ve3wwg_cobcurses/COBCATTR.cbl,,SKIP_NOT_PROGRAM,No PROCEDURE DIVISION
ve3wwg_cobcurses,ve3wwg_cobcurses/SCREEN-SI.cbl,,SKIP_NOT_PROGRAM,No PROCEDURE DIVISION
ve3wwg_cobcurses,ve3wwg_cobcurses/COBCURSP.cbl,,SKIP_NOT_PROGRAM,No PROCEDURE DIVISION
ve3wwg_cobcurses,ve3wwg_cobcurses/SCREEN-BG.cbl,,SKIP_NOT_PROGRAM,No PROCEDURE DIVISION
ve3wwg_cobcurses,ve3wwg_cobcurses/COBC3270.cbl,,SKIP_NOT_PROGRAM,No PROCEDURE DIVISION
ve3wwg_cobcurses,ve3wwg_cobcurses/COBCURSQ.cbl,,SKIP_NOT_PROGRAM,No PROCEDURE DIVISION
ve3wwg_cobcurses,ve3wwg_cobcurses/NULLEVENTS.cbl,,SKIP_NOT_PROGRAM,No PROCEDURE DIVISION
ve3wwg_cobcurses,ve3wwg_cobcurses/template_screen.cob,"DIVIDE_BY_ZERO_RISK,UNINITIALIZED_DATA_ITEM_USE",EXTRACT_FAIL,This is a COBOL program that uses the COBCURSES library to create a text-based user interface. The program appears to be a template for creating a screen with various fields and ac
ve3wwg_cobcurses,ve3wwg_cobcurses/template_screen.cob,"DIVIDE_BY_ZERO_RISK,UNINITIALIZED_DATA_ITEM_USE",EXTRACT_FAIL,"This is a COBOL program that uses the COBCURSES library to create a text-based user interface. The program provides basic functionality for managing records in a database file, inc"
ve3wwg_cobcurses,ve3wwg_cobcurses/template_screen.cob,"DIVIDE_BY_ZERO_RISK,UNINITIALIZED_DATA_ITEM_USE",EXTRACT_FAIL,"This is a COBOL program that uses the cobcurses library to create a screen-based application. The program provides basic functionality for creating, editing, saving, deleting, and "
ve3wwg_cobcurses,ve3wwg_cobcurses/template_screen.cob,"DIVIDE_BY_ZERO_RISK,UNINITIALIZED_DATA_ITEM_USE",FINAL_FAIL,Could not get changed program output
ve3wwg_cobcurses,ve3wwg_cobcurses/ITEMRECD.cbl,,SKIP_NOT_PROGRAM,No PROCEDURE DIVISION
ve3wwg_cobcurses,ve3wwg_cobcurses/MENUREF.cbl,,SKIP_NOT_PROGRAM,No PROCEDURE DIVISION
ve3wwg_cobcurses,ve3wwg_cobcurses/SCREEN-CS.cbl,,SKIP_NOT_PROGRAM,No PROCEDURE DIVISION
ve3wwg_cobcurses,ve3wwg_cobcurses/COBCURSX.cbl,,SKIP_NOT_PROGRAM,No PROCEDURE DIVISION
ve3wwg_cobcurses,ve3wwg_cobcurses/sd002040.cob,"MISSING_FILE_STATUS_HANDLING,WRONG_CALCULATION_LOGIC",EXTRACT_FAIL,This is a COBOL program that appears to be managing screen definitions and menu options for some kind of user interface or application. The program handles various events such as f
ve3wwg_cobcurses,ve3wwg_cobcurses/sd002040.cob,"MISSING_FILE_STATUS_HANDLING,WRONG_CALCULATION_LOGIC",EXTRACT_FAIL,"This is a COBOL program that appears to be managing screen definitions and menu options for some kind of application. The program includes several sections, each responsible for di"
ve3wwg_cobcurses,ve3wwg_cobcurses/sd002040.cob,"MISSING_FILE_STATUS_HANDLING,WRONG_CALCULATION_LOGIC",EXTRACT_FAIL,"This is a COBOL program named ""SD002040"". It appears to be a screen definition program, possibly for a menu-driven system. The program handles various events such as field changes,"
ve3wwg_cobcurses,ve3wwg_cobcurses/sd002040.cob,"MISSING_FILE_STATUS_HANDLING,WRONG_CALCULATION_LOGIC",FINAL_FAIL,Could not get changed program output
ve3wwg_cobcurses,ve3wwg_cobcurses/assoc_api.cob,DIVIDE_BY_ZERO_RISK,EXTRACT_FAIL,"This is a set of COBOL programs that appear to be interacting with some kind of associative data structure or database through a series of external calls (indicated by the ""CALL"" s"
ve3wwg_cobcurses,ve3wwg_cobcurses/assoc_api.cob,DIVIDE_BY_ZERO_RISK,EXTRACT_FAIL,"This is a set of COBOL programs that interact with an associative array or hash table-like structure through a series of external calls (indicated by the ""CALL"" statements). Each p"
ve3wwg_cobcurses,ve3wwg_cobcurses/assoc_api.cob,DIVIDE_BY_ZERO_RISK,EXTRACT_FAIL,"This is a collection of COBOL programs that interact with an associative array or similar data structure through a series of external calls (indicated by the ""CALL"" statements). Ea"
ve3wwg_cobcurses,ve3wwg_cobcurses/assoc_api.cob,DIVIDE_BY_ZERO_RISK,FINAL_FAIL,Could not get changed program output
ve3wwg_cobcurses,ve3wwg_cobcurses/MENURECD.cbl,,SKIP_NOT_PROGRAM,No PROCEDURE DIVISION
ve3wwg_cobcurses,ve3wwg_cobcurses/COBCURSG.cbl,,SKIP_NOT_PROGRAM,No PROCEDURE DIVISION
ve3wwg_cobcurses,ve3wwg_cobcurses/BKU-RECD.cbl,,SKIP_NOT_PROGRAM,No PROCEDURE DIVISION
ve3wwg_cobcurses,ve3wwg_cobcurses/TEMPDATA.cbl,,SKIP_NOT_PROGRAM,No PROCEDURE DIVISION
ve3wwg_cobcurses,ve3wwg_cobcurses/test004.cob,"INFINITE_LOOP_NON_TERMINATION,DIVIDE_BY_ZERO_RISK",EXTRACT_FAIL,"This is a COBOL program named TEST004 that appears to be testing an associative array or similar data structure, possibly implemented in C using the COBOL-C interface (as indicated"
ve3wwg_cobcurses,ve3wwg_cobcurses/test004.cob,"INFINITE_LOOP_NON_TERMINATION,DIVIDE_BY_ZERO_RISK",EXTRACT_FAIL,"This is a COBOL program named ""TEST004"" that appears to be testing an associative array or similar data structure, possibly implemented through a C library (indicated by the `COPY "
ve3wwg_cobcurses,ve3wwg_cobcurses/test004.cob,"INFINITE_LOOP_NON_TERMINATION,DIVIDE_BY_ZERO_RISK",EXTRACT_FAIL,This is a COBOL program named TEST004 which appears to be testing an associative array or database-like structure using calls to external functions (COBCURSX). The program initiali
ve3wwg_cobcurses,ve3wwg_cobcurses/test004.cob,"INFINITE_LOOP_NON_TERMINATION,DIVIDE_BY_ZERO_RISK",FINAL_FAIL,Could not get changed program output
ve3wwg_cobcurses,ve3wwg_cobcurses/COBCKEYS.cbl,,SKIP_NOT_PROGRAM,No PROCEDURE DIVISION
ve3wwg_cobcurses,ve3wwg_cobcurses/GRPHMENU.cbl,,SKIP_NOT_PROGRAM,No PROCEDURE DIVISION
ve3wwg_cobcurses,ve3wwg_cobcurses/COBCPARMS.cbl,,SKIP_NOT_PROGRAM,No PROCEDURE DIVISION
ve3wwg_cobcurses,ve3wwg_cobcurses/SCREEN-01.cbl,,SKIP_NOT_PROGRAM,No PROCEDURE DIVISION
ve3wwg_cobcurses,ve3wwg_cobcurses/COBCEXTRA.cbl,,SKIP_NOT_PROGRAM,No PROCEDURE DIVISION
ve3wwg_cobcurses,ve3wwg_cobcurses/libcobcurses.cob,"INFINITE_LOOP_NON_TERMINATION,MISSING_FILE_STATUS_HANDLING",EXTRACT_FAIL,"This is a collection of two COBOL programs that are part of a larger library called ""libcobcurses"". The first program, ""COBCURSES-3270-STATE-MACHINE"", appears to be responsible for"
ve3wwg_cobcurses,ve3wwg_cobcurses/libcobcurses.cob,"INFINITE_LOOP_NON_TERMINATION,MISSING_FILE_STATUS_HANDLING",EXTRACT_FAIL,This is a COBOL program that uses the libncurses library to create a 3270-like interface for user input. The program consists of two main parts: `COBCURSES-3270-STATE-MACHINE` and 
ve3wwg_cobcurses,ve3wwg_cobcurses/libcobcurses.cob,"INFINITE_LOOP_NON_TERMINATION,MISSING_FILE_STATUS_HANDLING",EXTRACT_FAIL,This is a COBOL program that uses the libncurses library to create a 3270-like terminal interface. The program consists of two main parts: `COBCURSES-3270-STATE-MACHINE` and `COBCU
ve3wwg_cobcurses,ve3wwg_cobcurses/libcobcurses.cob,"INFINITE_LOOP_NON_TERMINATION,MISSING_FILE_STATUS_HANDLING",FINAL_FAIL,Could not get changed program output
ve3wwg_cobcurses,ve3wwg_cobcurses/sdbackup.cob,"MISSING_FILE_STATUS_HANDLING,INFINITE_LOOP_NON_TERMINATION",EXTRACT_FAIL,"This COBOL program is designed to backup various types of records from different input files into a single output file named BKU-FILE. The program reads records from SC-FILE, FD-FI"
ve3wwg_cobcurses,ve3wwg_cobcurses/sdbackup.cob,"MISSING_FILE_STATUS_HANDLING,INFINITE_LOOP_NON_TERMINATION",EXTRACT_FAIL,"This COBOL program is designed to backup several types of records from different files into a single backup file. The program reads records from the input files (SC-FILE, FD-FILE, "
ve3wwg_cobcurses,ve3wwg_cobcurses/sdbackup.cob,"MISSING_FILE_STATUS_HANDLING,INFINITE_LOOP_NON_TERMINATION",EXTRACT_FAIL,This COBOL program is designed to backup data from several input files into a single output file. The program reads records from the input files and writes them to the output file 
ve3wwg_cobcurses,ve3wwg_cobcurses/sdbackup.cob,"MISSING_FILE_STATUS_HANDLING,INFINITE_LOOP_NON_TERMINATION",FINAL_FAIL,Could not get changed program output
ve3wwg_cobcurses,ve3wwg_cobcurses/COBCCOLOUR.cbl,,SKIP_NOT_PROGRAM,No PROCEDURE DIVISION
ve3wwg_cobcurses,ve3wwg_cobcurses/COBCRETC.cbl,,SKIP_NOT_PROGRAM,No PROCEDURE DIVISION
ve3wwg_cobcurses,ve3wwg_cobcurses/sd002010.cob,INFINITE_LOOP_NON_TERMINATION,EXTRACT_FAIL,This is a COBOL program that appears to be a screen management system for editing and viewing records in various files. The program uses several subroutines (or paragraphs) to hand
ve3wwg_cobcurses,ve3wwg_cobcurses/sd002010.cob,INFINITE_LOOP_NON_TERMINATION,EXTRACT_FAIL,"This is a COBOL program that appears to be a screen management system for managing screens in an application. The program handles various actions such as creating, editing, deletin"
ve3wwg_cobcurses,ve3wwg_cobcurses/sd002010.cob,INFINITE_LOOP_NON_TERMINATION,EXTRACT_FAIL,"This is a COBOL program named ""SD002010"" that appears to be a screen management system for managing screens, fields, and actions within those screens. It includes various procedure"
ve3wwg_cobcurses,ve3wwg_cobcurses/sd002010.cob,INFINITE_LOOP_NON_TERMINATION,FINAL_FAIL,Could not get changed program output
ve3wwg_cobcurses,ve3wwg_cobcurses/SCREEN-FD.cbl,,SKIP_NOT_PROGRAM,No PROCEDURE DIVISION
ve3wwg_cobcurses,ve3wwg_cobcurses/SCREEN-FS.cbl,,SKIP_NOT_PROGRAM,No PROCEDURE DIVISION
ve3wwg_cobcurses,ve3wwg_cobcurses/sd002030.cob,"MISSING_FILE_STATUS_HANDLING,UNINITIALIZED_DATA_ITEM_USE",NOT_PROGRAM_AFTER_EXTRACT,"IDENTIFICATION DIVISION.\nPROGRAM-ID. SD002030.\n*>\n*> $Id: sd002030.cob,v 1.12 2007/10/30 19:36:47 ve3wwg Exp $\n*>\n*> Warren W. Gay\n*>\n*> THIS IS THE ""SCREEN PAINTER"" MODULE. THE US"
ve3wwg_cobcurses,ve3wwg_cobcurses/sd002030.cob,"MISSING_FILE_STATUS_HANDLING,UNINITIALIZED_DATA_ITEM_USE",NOT_PROGRAM_AFTER_EXTRACT,"IDENTIFICATION DIVISION.\nPROGRAM-ID. SD002030.\n*>\n*> $Id: sd002030.cob,v 1.12 2007/10/30 19:36:47 ve3wwg Exp $\n*>\n*> Warren W. Gay\n*>\n*> THIS IS THE ""SCREEN PAINTER"" MODULE. THE US"
ve3wwg_cobcurses,ve3wwg_cobcurses/sd002030.cob,"MISSING_FILE_STATUS_HANDLING,UNINITIALIZED_DATA_ITEM_USE",NOT_PROGRAM_AFTER_EXTRACT,"IDENTIFICATION DIVISION.\nPROGRAM-ID. SD002030.\n*>\n*> $Id: sd002030.cob,v 1.12 2007/10/30 19:36:47 ve3wwg Exp $\n*>\n*> Warren W. Gay\n*>\n*> THIS IS THE ""SCREEN PAINTER"" MODULE. THE US"
ve3wwg_cobcurses,ve3wwg_cobcurses/sd002030.cob,"MISSING_FILE_STATUS_HANDLING,UNINITIALIZED_DATA_ITEM_USE",FINAL_FAIL,Could not get changed program output
ve3wwg_cobcurses,ve3wwg_cobcurses/COBCURSL.cbl,,SKIP_NOT_PROGRAM,No PROCEDURE DIVISION
ve3wwg_cobcurses,ve3wwg_cobcurses/sdload.cob,"UNINITIALIZED_DATA_ITEM_USE,WRONG_CALCULATION_LOGIC",EXTRACT_FAIL,"This COBOL program, named ""SDLOAD"", is designed to read backup records from a file and write them into several other files after processing and validating the data. The program han"
ve3wwg_cobcurses,ve3wwg_cobcurses/sdload.cob,"UNINITIALIZED_DATA_ITEM_USE,WRONG_CALCULATION_LOGIC",EXTRACT_FAIL,"This COBOL program, named `SDLOAD`, is designed to read records from a backup file (`BKU-FILE`) and write them into several output files (`SC-FILE`, `FD-FILE`, `BG-FILE`, `FS-FILE`"
ve3wwg_cobcurses,ve3wwg_cobcurses/sdload.cob,"UNINITIALIZED_DATA_ITEM_USE,WRONG_CALCULATION_LOGIC",EXTRACT_FAIL,"This COBOL program, named ""SDLOAD"", appears to be a utility for converting data from one format (BKU) to another (SC, FD, BG, FS, CS, MU, IT, MR). The program reads records from th"
ve3wwg_cobcurses,ve3wwg_cobcurses/sdload.cob,"UNINITIALIZED_DATA_ITEM_USE,WRONG_CALCULATION_LOGIC",FINAL_FAIL,Could not get changed program output
ve3wwg_cobcurses,ve3wwg_cobcurses/sd002060.cob,"DIVIDE_BY_ZERO_RISK,UNINITIALIZED_DATA_ITEM_USE",EXTRACT_FAIL,"This is a COBOL program that appears to be using the ncurses library for terminal-based user interface (TUI) development. The program seems to manage a database of character sets, "
ve3wwg_cobcurses,ve3wwg_cobcurses/sd002060.cob,"DIVIDE_BY_ZERO_RISK,UNINITIALIZED_DATA_ITEM_USE",EXTRACT_FAIL,This is a COBOL program that uses the ncurses library to create a text-based user interface for managing charset records. The program allows users to perform various actions such a
ve3wwg_cobcurses,ve3wwg_cobcurses/sd002060.cob,"DIVIDE_BY_ZERO_RISK,UNINITIALIZED_DATA_ITEM_USE",EXTRACT_FAIL,"This is a COBOL program that appears to be using the ncurses library for terminal-based user interface (TUI) development. The program seems to manage a database of character sets, "
ve3wwg_cobcurses,ve3wwg_cobcurses/sd002060.cob,"DIVIDE_BY_ZERO_RISK,UNINITIALIZED_DATA_ITEM_USE",FINAL_FAIL,Could not get changed program output
abrignoli_COBSOFT,abrignoli_COBSOFT/CS00003S.cbl,UNINITIALIZED_DATA_ITEM_USE,EXTRACT_FAIL,"<<<COBOL_START>>>\n      $set sourceformat""free""\n       program-id. CS00003S.\n      *>=================================================================================\n      *>    \n"
abrignoli_COBSOFT,abrignoli_COBSOFT/CS00003S.cbl,UNINITIALIZED_DATA_ITEM_USE,EXTRACT_FAIL,"<<<COBOL_START>>>\n      $set sourceformat""free""\n       program-id. CS00003S.\n      *>=================================================================================\n      *>    \n"
abrignoli_COBSOFT,abrignoli_COBSOFT/CS00003S.cbl,UNINITIALIZED_DATA_ITEM_USE,EXTRACT_FAIL,"<<<COBOL_START>>>\n      $set sourceformat""free""\n       program-id. CS00003S.\n      *>=================================================================================\n      *>    \n"
abrignoli_COBSOFT,abrignoli_COBSOFT/CS00003S.cbl,UNINITIALIZED_DATA_ITEM_USE,FINAL_FAIL,Could not get changed program output
abrignoli_COBSOFT,abrignoli_COBSOFT/CS00005S.cbl,WRONG_CALCULATION_LOGIC,EXTRACT_FAIL,"This is a COBOL program that appears to be handling various operations related to user management, including creating and updating records in several tables such as users, companie"
abrignoli_COBSOFT,abrignoli_COBSOFT/CS00005S.cbl,WRONG_CALCULATION_LOGIC,EXTRACT_FAIL,"This code appears to be a COBOL program that handles various operations related to user management, permissions, and company information. It uses several sections for different tas"
abrignoli_COBSOFT,abrignoli_COBSOFT/CS00005S.cbl,WRONG_CALCULATION_LOGIC,EXTRACT_FAIL,"This code appears to be a COBOL program designed for processing and managing user, company, and permission data in an enterprise system. It includes several sections that handle di"
abrignoli_COBSOFT,abrignoli_COBSOFT/CS00005S.cbl,WRONG_CALCULATION_LOGIC,FINAL_FAIL,Could not get changed program output
abrignoli_COBSOFT,abrignoli_COBSOFT/CS10008C.cbl,"DIVIDE_BY_ZERO_RISK,UNINITIALIZED_DATA_ITEM_USE",EXTRACT_FAIL,"This is a COBOL program that appears to be managing user and company data, specifically focusing on the relationship between users and companies (or departments within companies). "
abrignoli_COBSOFT,abrignoli_COBSOFT/CS10008C.cbl,"DIVIDE_BY_ZERO_RISK,UNINITIALIZED_DATA_ITEM_USE",EXTRACT_FAIL,"This is a COBOL program that appears to be managing user and company data, specifically focusing on the relationship between users and companies (or departments within companies). "
abrignoli_COBSOFT,abrignoli_COBSOFT/CS10008C.cbl,"DIVIDE_BY_ZERO_RISK,UNINITIALIZED_DATA_ITEM_USE",EXTRACT_FAIL,"This is a COBOL program that appears to be managing user and company data, including the ability to include or exclude users from companies. The program has several sections:\n\n1. *"
abrignoli_COBSOFT,abrignoli_COBSOFT/CS10008C.cbl,"DIVIDE_BY_ZERO_RISK,UNINITIALIZED_DATA_ITEM_USE",FINAL_FAIL,Could not get changed program output
abrignoli_COBSOFT,abrignoli_COBSOFT/CS10010C.cbl,WRONG_CALCULATION_LOGIC,EXTRACT_FAIL,"This is a COBOL program that appears to be managing user permissions for different programs within an organization. The program reads data from three different files (CSR00000, CSR"
abrignoli_COBSOFT,abrignoli_COBSOFT/CS10010C.cbl,WRONG_CALCULATION_LOGIC,EXTRACT_FAIL,"This code appears to be a COBOL program that manages user permissions for different programs within an organization. It reads data from three files (CSR00000, CSR01000, and CSR0110"
abrignoli_COBSOFT,abrignoli_COBSOFT/CS10010C.cbl,WRONG_CALCULATION_LOGIC,EXTRACT_FAIL,"This is a COBOL program that appears to be managing user permissions or access rights for different programs within an organization. The program uses several sections, each perform"
abrignoli_COBSOFT,abrignoli_COBSOFT/CS10010C.cbl,WRONG_CALCULATION_LOGIC,FINAL_FAIL,Could not get changed program output
abrignoli_COBSOFT,abrignoli_COBSOFT/CS10012C.cbl,WRONG_CALCULATION_LOGIC,EXTRACT_FAIL,"The code you've provided appears to be a COBOL program that handles various operations related to client management, including inclusion, consultation, maintenance, deletion, and r"
abrignoli_COBSOFT,abrignoli_COBSOFT/CS10012C.cbl,WRONG_CALCULATION_LOGIC,EXTRACT_FAIL,"This is a COBOL program that appears to be managing client information in some kind of system. The program has several sections, each corresponding to different operations you can "
abrignoli_COBSOFT,abrignoli_COBSOFT/CS10012C.cbl,WRONG_CALCULATION_LOGIC,EXTRACT_FAIL,"This code appears to be a COBOL program that handles various operations related to client management, including inclusion, consultation, maintenance, exclusion, and reporting. The "
abrignoli_COBSOFT,abrignoli_COBSOFT/CS10012C.cbl,WRONG_CALCULATION_LOGIC,FINAL_FAIL,Could not get changed program output
abrignoli_COBSOFT,abrignoli_COBSOFT/CS10011C.cbl,UNINITIALIZED_DATA_ITEM_USE,EXTRACT_FAIL,"This code is written in COBOL, a high-level programming language used for business, finance, and administrative systems. The program appears to be managing user profiles and their "
abrignoli_COBSOFT,abrignoli_COBSOFT/CS10011C.cbl,UNINITIALIZED_DATA_ITEM_USE,EXTRACT_FAIL,This code appears to be a COBOL program that manages user profiles and their associated permissions or roles within an application. It includes sections for reading data from vario
abrignoli_COBSOFT,abrignoli_COBSOFT/CS10011C.cbl,UNINITIALIZED_DATA_ITEM_USE,EXTRACT_FAIL,This is a COBOL program that appears to manage user profiles and their associated permissions or roles within an application. The program includes several sections for different op
abrignoli_COBSOFT,abrignoli_COBSOFT/CS10011C.cbl,UNINITIALIZED_DATA_ITEM_USE,FINAL_FAIL,Could not get changed program output
abrignoli_COBSOFT,abrignoli_COBSOFT/CS10005C.cbl,"INFINITE_LOOP_NON_TERMINATION,WRONG_CALCULATION_LOGIC",EXTRACT_FAIL,"This COBOL program appears to be a menu-driven application for managing bairro (neighborhood) records in a database. The program is divided into several sections, each responsible "
abrignoli_COBSOFT,abrignoli_COBSOFT/CS10005C.cbl,"INFINITE_LOOP_NON_TERMINATION,WRONG_CALCULATION_LOGIC",EXTRACT_FAIL,"This COBOL code appears to be a program for managing bairro (neighborhood) data in a database system. It includes sections for different operations such as inclusion, consultation,"
abrignoli_COBSOFT,abrignoli_COBSOFT/CS10005C.cbl,"INFINITE_LOOP_NON_TERMINATION,WRONG_CALCULATION_LOGIC",EXTRACT_FAIL,"This COBOL program appears to be a menu-driven application for managing bairro (neighborhood) records in a database. It includes sections for insertion, consultation, modification,"
abrignoli_COBSOFT,abrignoli_COBSOFT/CS10005C.cbl,"INFINITE_LOOP_NON_TERMINATION,WRONG_CALCULATION_LOGIC",FINAL_FAIL,Could not get changed program output
abrignoli_COBSOFT,abrignoli_COBSOFT/CS00103S.cbl,WRONG_CALCULATION_LOGIC,EXTRACT_FAIL,"<<<COBOL_START>>>\n      $set sourceformat""free""\n       program-id. CS00103S.\n      *>=================================================================================\n      *>    \n"
abrignoli_COBSOFT,abrignoli_COBSOFT/CS00103S.cbl,WRONG_CALCULATION_LOGIC,EXTRACT_FAIL,"<<<COBOL_START>>>\n      $set sourceformat""free""\n       program-id. CS00103S.\n      *>=================================================================================\n      *>    \n"
abrignoli_COBSOFT,abrignoli_COBSOFT/CS00103S.cbl,WRONG_CALCULATION_LOGIC,EXTRACT_FAIL,"<<<COBOL_START>>>\n      $set sourceformat""free""\n       program-id. CS00103S.\n      *>=================================================================================\n      *>    \n"
abrignoli_COBSOFT,abrignoli_COBSOFT/CS00103S.cbl,WRONG_CALCULATION_LOGIC,FINAL_FAIL,Could not get changed program output
abrignoli_COBSOFT,abrignoli_COBSOFT/CS00000F.cbl,INFINITE_LOOP_NON_TERMINATION,EXTRACT_FAIL,"This is a COBOL program that appears to be a menu system for a software application. The program has three main sections: initialization, processing, and finalization.\n\n1. Initiali"
abrignoli_COBSOFT,abrignoli_COBSOFT/CS00000F.cbl,INFINITE_LOOP_NON_TERMINATION,EXTRACT_FAIL,This is a COBOL program that appears to be creating a menu for a system based on the input parameters provided in the linkage section (lnk-par). The program has three main sections
abrignoli_COBSOFT,abrignoli_COBSOFT/CS00000F.cbl,INFINITE_LOOP_NON_TERMINATION,EXTRACT_FAIL,"This is a COBOL program that appears to be creating a menu for a system. The program has three main sections: initialization, processing, and finalization.\n\nIn the initialization s"
abrignoli_COBSOFT,abrignoli_COBSOFT/CS00000F.cbl,INFINITE_LOOP_NON_TERMINATION,FINAL_FAIL,Could not get changed program output
abrignoli_COBSOFT,abrignoli_COBSOFT/CS10007C.cbl,"MISSING_FILE_STATUS_HANDLING,DIVIDE_BY_ZERO_RISK",EXTRACT_FAIL,"This is a COBOL program that appears to be managing user data in a system, likely for an application or database. The program has several sections, each responsible for different o"
abrignoli_COBSOFT,abrignoli_COBSOFT/CS10007C.cbl,"MISSING_FILE_STATUS_HANDLING,DIVIDE_BY_ZERO_RISK",EXTRACT_FAIL,"This is a COBOL program that appears to be managing user data in a system. It has several sections for different operations such as inclusion, consultation, modification, deletion,"
abrignoli_COBSOFT,abrignoli_COBSOFT/CS10007C.cbl,"MISSING_FILE_STATUS_HANDLING,DIVIDE_BY_ZERO_RISK",EXTRACT_FAIL,"This code is written in COBOL, a high-level programming language used for business, finance and administrative systems. The program appears to be managing user data, with sections "
abrignoli_COBSOFT,abrignoli_COBSOFT/CS10007C.cbl,"MISSING_FILE_STATUS_HANDLING,DIVIDE_BY_ZERO_RISK",FINAL_FAIL,Could not get changed program output
abrignoli_COBSOFT,abrignoli_COBSOFT/CS10001P.cbl,"UNINITIALIZED_DATA_ITEM_USE,WRONG_CALCULATION_LOGIC",EXTRACT_FAIL,"This is a COBOL program that appears to be designed for managing and searching logradouro (address) data, specifically focusing on CEP (postal code) information. The program includ"
abrignoli_COBSOFT,abrignoli_COBSOFT/CS10001P.cbl,"UNINITIALIZED_DATA_ITEM_USE,WRONG_CALCULATION_LOGIC",EXTRACT_FAIL,This is a COBOL program that appears to be designed for searching and displaying information about addresses based on their CEP (postal code) in Brazil. The program uses several se
abrignoli_COBSOFT,abrignoli_COBSOFT/CS10001P.cbl,"UNINITIALIZED_DATA_ITEM_USE,WRONG_CALCULATION_LOGIC",EXTRACT_FAIL,This is a COBOL program that appears to be designed for searching and displaying information about addresses based on their CEP (Brazilian postal code). The program uses several se
abrignoli_COBSOFT,abrignoli_COBSOFT/CS10001P.cbl,"UNINITIALIZED_DATA_ITEM_USE,WRONG_CALCULATION_LOGIC",FINAL_FAIL,Could not get changed program output
abrignoli_COBSOFT,abrignoli_COBSOFT/CS00106S.cbl,"WRONG_CALCULATION_LOGIC,INFINITE_LOOP_NON_TERMINATION",EXTRACT_FAIL,This is a COBOL program that appears to be generating an NFE (Nota Fiscal Eletrônica) in PCL (Printer Command Language) format and then converting it to PDF using a third-party too
abrignoli_COBSOFT,abrignoli_COBSOFT/CS00106S.cbl,"WRONG_CALCULATION_LOGIC,INFINITE_LOOP_NON_TERMINATION",EXTRACT_FAIL,"This is a COBOL program that appears to be generating a PDF file from an NFE (Nota Fiscal Eletrônica) data. The program consists of several sections, each performing a specific tas"
abrignoli_COBSOFT,abrignoli_COBSOFT/CS00106S.cbl,"WRONG_CALCULATION_LOGIC,INFINITE_LOOP_NON_TERMINATION",EXTRACT_FAIL,"This is a COBOL program that appears to be generating a PDF file from PCL (Printer Command Language) data. The program has several sections, each performing a specific task:\n\n1. `2"
abrignoli_COBSOFT,abrignoli_COBSOFT/CS00106S.cbl,"WRONG_CALCULATION_LOGIC,INFINITE_LOOP_NON_TERMINATION",FINAL_FAIL,Could not get changed program output
abrignoli_COBSOFT,abrignoli_COBSOFT/CS10004C.cbl,"INFINITE_LOOP_NON_TERMINATION,WRONG_CALCULATION_LOGIC",EXTRACT_FAIL,"This is a COBOL program that appears to be managing data related to municipalities, including operations such as inclusion, consultation, alteration, and deletion of records. The p"
abrignoli_COBSOFT,abrignoli_COBSOFT/CS10004C.cbl,"INFINITE_LOOP_NON_TERMINATION,WRONG_CALCULATION_LOGIC",EXTRACT_FAIL,"This is a COBOL program that appears to be managing data related to municipalities, including their country and state information. The program has several sections for different op"
abrignoli_COBSOFT,abrignoli_COBSOFT/CS10004C.cbl,"INFINITE_LOOP_NON_TERMINATION,WRONG_CALCULATION_LOGIC",EXTRACT_FAIL,"This is a COBOL program that appears to be managing data related to municipalities, including operations such as inclusion, consultation, modification, and deletion of records. The"
abrignoli_COBSOFT,abrignoli_COBSOFT/CS10004C.cbl,"INFINITE_LOOP_NON_TERMINATION,WRONG_CALCULATION_LOGIC",FINAL_FAIL,Could not get changed program output
abrignoli_COBSOFT,abrignoli_COBSOFT/CS10003C.cbl,DIVIDE_BY_ZERO_RISK,EXTRACT_FAIL,"The provided code is a COBOL program that appears to be managing data related to countries and their respective states or provinces. The program includes several sections, each res"
abrignoli_COBSOFT,abrignoli_COBSOFT/CS10003C.cbl,DIVIDE_BY_ZERO_RISK,EXTRACT_FAIL,The code you've provided is a COBOL program that appears to be managing data related to countries and their states or provinces. It includes sections for various operations such as
abrignoli_COBSOFT,abrignoli_COBSOFT/CS10003C.cbl,DIVIDE_BY_ZERO_RISK,EXTRACT_FAIL,"This is a COBOL program that appears to be managing state information, likely for a country or region. It includes sections for various operations such as inclusion, exclusion, mod"
abrignoli_COBSOFT,abrignoli_COBSOFT/CS10003C.cbl,DIVIDE_BY_ZERO_RISK,FINAL_FAIL,Could not get changed program output
gbeine_COBOLUnit,gbeine_COBOLUnit/CTUC0001.cob,,SKIP_NOT_PROGRAM,No PROCEDURE DIVISION
gbeine_COBOLUnit,gbeine_COBOLUnit/SAMPC002.cob,,SKIP_NOT_PROGRAM,No PROCEDURE DIVISION
gbeine_COBOLUnit,gbeine_COBOLUnit/CBUC0001.cob,,SKIP_NOT_PROGRAM,No PROCEDURE DIVISION
gbeine_COBOLUnit,gbeine_COBOLUnit/SAMPC001.cob,,SKIP_NOT_PROGRAM,No PROCEDURE DIVISION
gbeine_COBOLUnit,gbeine_COBOLUnit/CBUC0002.cob,,SKIP_NOT_PROGRAM,No PROCEDURE DIVISION
gbeine_COBOLUnit,gbeine_COBOLUnit/SAMPC003.cob,,SKIP_NOT_PROGRAM,No PROCEDURE DIVISION
lucasrmagalhaes_learning-COBOL,lucasrmagalhaes_learning-COBOL/CRIANDOCAMPOSFORMULARIOHTML.cob,,SKIP_NOT_PROGRAM,No PROCEDURE DIVISION
lucasrmagalhaes_learning-COBOL,lucasrmagalhaes_learning-COBOL/BOOK.cob,,SKIP_NOT_PROGRAM,No PROCEDURE DIVISION
thospfuller_rcoboldi,thospfuller_rcoboldi/DTAR107.cbl,,SKIP_NOT_PROGRAM,No PROCEDURE DIVISION
thospfuller_rcoboldi,thospfuller_rcoboldi/test5d_copybook.cob,,SKIP_NOT_PROGRAM,No PROCEDURE DIVISION
thospfuller_rcoboldi,thospfuller_rcoboldi/test2_copybook.cob,,SKIP_NOT_PROGRAM,No PROCEDURE DIVISION
thospfuller_rcoboldi,thospfuller_rcoboldi/test25_copybook.cob,,SKIP_NOT_PROGRAM,No PROCEDURE DIVISION
thospfuller_rcoboldi,thospfuller_rcoboldi/test19_display_num.cob,,SKIP_NOT_PROGRAM,No PROCEDURE DIVISION
thospfuller_rcoboldi,thospfuller_rcoboldi/test12_copybook.cob,,SKIP_NOT_PROGRAM,No PROCEDURE DIVISION
thospfuller_rcoboldi,thospfuller_rcoboldi/test1a_copybook.cob,,SKIP_NOT_PROGRAM,No PROCEDURE DIVISION
thospfuller_rcoboldi,thospfuller_rcoboldi/test16_fix_len_segments.cob,,SKIP_NOT_PROGRAM,No PROCEDURE DIVISION
thospfuller_rcoboldi,thospfuller_rcoboldi/test21_copybook.cob,,SKIP_NOT_PROGRAM,No PROCEDURE DIVISION
thospfuller_rcoboldi,thospfuller_rcoboldi/test5_copybook.cob,,SKIP_NOT_PROGRAM,No PROCEDURE DIVISION
thospfuller_rcoboldi,thospfuller_rcoboldi/test6_copybook.cob,,SKIP_NOT_PROGRAM,No PROCEDURE DIVISION
thospfuller_rcoboldi,thospfuller_rcoboldi/test9_copybook.cob,,SKIP_NOT_PROGRAM,No PROCEDURE DIVISION
thospfuller_rcoboldi,thospfuller_rcoboldi/test12_copybook_b.cob,,SKIP_NOT_PROGRAM,No PROCEDURE DIVISION
thospfuller_rcoboldi,thospfuller_rcoboldi/test12_copybook_a.cob,,SKIP_NOT_PROGRAM,No PROCEDURE DIVISION
thospfuller_rcoboldi,thospfuller_rcoboldi/DTAR020.cbl,,SKIP_NOT_PROGRAM,No PROCEDURE DIVISION
thospfuller_rcoboldi,thospfuller_rcoboldi/test7_fillers.cob,,SKIP_NOT_PROGRAM,No PROCEDURE DIVISION
thospfuller_rcoboldi,thospfuller_rcoboldi/test10_copybook.cob,,SKIP_NOT_PROGRAM,No PROCEDURE DIVISION
thospfuller_rcoboldi,thospfuller_rcoboldi/test18 special_char.cob,,SKIP_NOT_PROGRAM,No PROCEDURE DIVISION
thospfuller_rcoboldi,thospfuller_rcoboldi/test3_copybook.cob,,SKIP_NOT_PROGRAM,No PROCEDURE DIVISION
thospfuller_rcoboldi,thospfuller_rcoboldi/AmsLocation.cbl,,SKIP_NOT_PROGRAM,No PROCEDURE DIVISION
debinix_openjensen,debinix_openjensen/get-post-value.cbl,"INFINITE_LOOP_NON_TERMINATION,WRONG_CALCULATION_LOGIC",UNCHANGED,Model returned unchanged program
debinix_openjensen,debinix_openjensen/get-post-value.cbl,"INFINITE_LOOP_NON_TERMINATION,WRONG_CALCULATION_LOGIC",UNCHANGED,Model returned unchanged program
debinix_openjensen,debinix_openjensen/get-post-value.cbl,"INFINITE_LOOP_NON_TERMINATION,WRONG_CALCULATION_LOGIC",UNCHANGED,Model returned unchanged program
debinix_openjensen,debinix_openjensen/get-post-value.cbl,"INFINITE_LOOP_NON_TERMINATION,WRONG_CALCULATION_LOGIC",FINAL_FAIL,Could not get changed program output
debinix_openjensen,debinix_openjensen/cgi-edit-user.cbl,"DIVIDE_BY_ZERO_RISK,INFINITE_LOOP_NON_TERMINATION",NOT_PROGRAM_AFTER_EXTRACT,IDENTIFICATION DIVISION.\n       program-id. cgi-edit-user.\n       *>**************************************************\n       DATA DIVISION.\n       *>******************************
debinix_openjensen,debinix_openjensen/cgi-edit-user.cbl,"DIVIDE_BY_ZERO_RISK,INFINITE_LOOP_NON_TERMINATION",NOT_PROGRAM_AFTER_EXTRACT,IDENTIFICATION DIVISION.\n       program-id. cgi-edit-user.\n       *>**************************************************\n       DATA DIVISION.\n       *>******************************
debinix_openjensen,debinix_openjensen/cgi-edit-user.cbl,"DIVIDE_BY_ZERO_RISK,INFINITE_LOOP_NON_TERMINATION",NOT_PROGRAM_AFTER_EXTRACT,IDENTIFICATION DIVISION.\n       program-id. cgi-edit-user.\n       *>**************************************************\n       DATA DIVISION.\n       *>******************************
debinix_openjensen,debinix_openjensen/cgi-edit-user.cbl,"DIVIDE_BY_ZERO_RISK,INFINITE_LOOP_NON_TERMINATION",FINAL_FAIL,Could not get changed program output
debinix_openjensen,debinix_openjensen/cgi-list-betygalla.cbl,INFINITE_LOOP_NON_TERMINATION,EXTRACT_FAIL,"This is a COBOL program that interacts with an SQL database to fetch and write data related to users, courses, and grades. The program follows these main steps:\n\n1. **Initializatio"
debinix_openjensen,debinix_openjensen/cgi-list-betygalla.cbl,INFINITE_LOOP_NON_TERMINATION,EXTRACT_FAIL,"The provided code is a COBOL program that interacts with an SQL database to fetch and write data related to users, courses, and grades. The program performs the following tasks:\n\n1"
debinix_openjensen,debinix_openjensen/cgi-list-betygalla.cbl,INFINITE_LOOP_NON_TERMINATION,EXTRACT_FAIL,"The provided code is a COBOL program that interacts with an SQL database to fetch and write data related to students, courses, and grades. The program performs the following tasks:"
debinix_openjensen,debinix_openjensen/cgi-list-betygalla.cbl,INFINITE_LOOP_NON_TERMINATION,FINAL_FAIL,Could not get changed program output
debinix_openjensen,debinix_openjensen/cgi-list-users.cbl,"MISSING_FILE_STATUS_HANDLING,INFINITE_LOOP_NON_TERMINATION",NOT_PROGRAM_AFTER_EXTRACT,IDENTIFICATION DIVISION.\n       PROGRAM-ID. cgi-list-users.\n       *>**************************************************\n       DATA DIVISION.\n       *>*****************************
bmcsoftware_vscode-ispw,bmcsoftware_vscode-ispw/CWBWCOBX.cbl,"INFINITE_LOOP_NON_TERMINATION,WRONG_CALCULATION_LOGIC",EXTRACT_FAIL,"This is a COBOL program that processes an employee file and generates two reports: an Employee Compensation Report and a Regional Sales Report. The program reads the employee data,"
bmcsoftware_vscode-ispw,bmcsoftware_vscode-ispw/CWBWCOBX.cbl,"INFINITE_LOOP_NON_TERMINATION,WRONG_CALCULATION_LOGIC",EXTRACT_FAIL,This is a COBOL program that processes employee data and generates two reports: an Employee Compensation Report and a Regional Sales Report. The program reads employee records from
bmcsoftware_vscode-ispw,bmcsoftware_vscode-ispw/CWBWCOBX.cbl,"INFINITE_LOOP_NON_TERMINATION,WRONG_CALCULATION_LOGIC",EXTRACT_FAIL,This is a COBOL program that processes employee data and generates two reports: an Employee Compensation Report and a Regional Sales Report. The program reads employee records from
bmcsoftware_vscode-ispw,bmcsoftware_vscode-ispw/CWBWCOBX.cbl,"INFINITE_LOOP_NON_TERMINATION,WRONG_CALCULATION_LOGIC",FINAL_FAIL,Could not get changed program output
bmcsoftware_vscode-ispw,bmcsoftware_vscode-ispw/CWKTCOBX.cbl,"WRONG_CALCULATION_LOGIC,DIVIDE_BY_ZERO_RISK",EXTRACT_FAIL,This is a COBOL program that processes employee data from an input file and generates two reports: an Employee Compensation Report and a Regional Sales Report. The program reads th
bmcsoftware_vscode-ispw,bmcsoftware_vscode-ispw/CWKTCOBX.cbl,"WRONG_CALCULATION_LOGIC,DIVIDE_BY_ZERO_RISK",EXTRACT_FAIL,This is a COBOL program that processes employee data from an input file and generates two reports: an Employee Compensation Report and a Regional Sales Report. The program reads th
bmcsoftware_vscode-ispw,bmcsoftware_vscode-ispw/CWKTCOBX.cbl,"WRONG_CALCULATION_LOGIC,DIVIDE_BY_ZERO_RISK",EXTRACT_FAIL,This is a COBOL program that processes employee data from an input file and generates two reports: an Employee Compensation Report and a Regional Sales Report. Here's a breakdown o
bmcsoftware_vscode-ispw,bmcsoftware_vscode-ispw/CWKTCOBX.cbl,"WRONG_CALCULATION_LOGIC,DIVIDE_BY_ZERO_RISK",FINAL_FAIL,Could not get changed program output
bmcsoftware_vscode-ispw,bmcsoftware_vscode-ispw/DFSIVA34.cbl,"DIVIDE_BY_ZERO_RISK,MISSING_FILE_STATUS_HANDLING",EXTRACT_FAIL,This is a COBOL program that appears to be managing database operations for some kind of application. The program defines several procedures (subroutines) that handle different typ
bmcsoftware_vscode-ispw,bmcsoftware_vscode-ispw/DFSIVA34.cbl,"DIVIDE_BY_ZERO_RISK,MISSING_FILE_STATUS_HANDLING",EXTRACT_FAIL,This is a COBOL program that appears to be interacting with a database and performing various operations based on user commands. The program seems to have several procedures (or su
bmcsoftware_vscode-ispw,bmcsoftware_vscode-ispw/DFSIVA34.cbl,"DIVIDE_BY_ZERO_RISK,MISSING_FILE_STATUS_HANDLING",EXTRACT_FAIL,This is a COBOL program that appears to be interacting with a database through various procedures. The main procedures include:\n\n- `TO-SPA`: This procedure seems to handle the init
bmcsoftware_vscode-ispw,bmcsoftware_vscode-ispw/DFSIVA34.cbl,"DIVIDE_BY_ZERO_RISK,MISSING_FILE_STATUS_HANDLING",FINAL_FAIL,Could not get changed program output
z390development_z390,z390development_z390/TESTINT1.CBL,"UNINITIALIZED_DATA_ITEM_USE,MISSING_FILE_STATUS_HANDLING",EXTRACT_FAIL,"I'm sorry, but I can't help with that."
z390development_z390,z390development_z390/TESTINT1.CBL,"UNINITIALIZED_DATA_ITEM_USE,MISSING_FILE_STATUS_HANDLING",EXTRACT_FAIL,"I'm sorry, but I can't help with that."
z390development_z390,z390development_z390/TESTINT1.CBL,"UNINITIALIZED_DATA_ITEM_USE,MISSING_FILE_STATUS_HANDLING",EXTRACT_FAIL,"I'm sorry, but I can't run or execute code. However, I can help you understand the code or assist with any questions you might have about it. Please let me know how I can help!"
z390development_z390,z390development_z390/TESTINT1.CBL,"UNINITIALIZED_DATA_ITEM_USE,MISSING_FILE_STATUS_HANDLING",FINAL_FAIL,Could not get changed program output
z390development_z390,z390development_z390/U6.CBL,,SKIP_NOT_PROGRAM,No PROCEDURE DIVISION
z390development_z390,z390development_z390/MZARRAY.CBL,,SKIP_NOT_PROGRAM,No PROCEDURE DIVISION
z390development_z390,z390development_z390/DEMOCMGR.CBL,,SKIP_NOT_PROGRAM,No PROCEDURE DIVISION
z390development_z390,z390development_z390/U2.CBL,"DIVIDE_BY_ZERO_RISK,WRONG_CALCULATION_LOGIC",EXTRACT_FAIL,"This code appears to be written in COBOL, a high-level programming language used for business, finance, and administrative systems. The code is divided into several sections or par"
z390development_z390,z390development_z390/U2.CBL,"DIVIDE_BY_ZERO_RISK,WRONG_CALCULATION_LOGIC",EXTRACT_FAIL,This is a COBOL program that appears to be performing various operations on input data. Here's a brief overview of what each section does:\n\n1. DISPLAY-HEADER: This section displays
z390development_z390,z390development_z390/U2.CBL,"DIVIDE_BY_ZERO_RISK,WRONG_CALCULATION_LOGIC",EXTRACT_FAIL,This is a COBOL program that appears to be performing various operations on input data. Here's a brief overview of what each section does:\n\n1. DISPLAY-HEADER: This section displays
z390development_z390,z390development_z390/U2.CBL,"DIVIDE_BY_ZERO_RISK,WRONG_CALCULATION_LOGIC",FINAL_FAIL,Could not get changed program output
z390development_z390,z390development_z390/TESTICC1.CBL,"INFINITE_LOOP_NON_TERMINATION,MISSING_FILE_STATUS_HANDLING",EXTRACT_FAIL,This is a COBOL program that uses the IBM CICS (Customer Information Control System) to perform various operations related to time and date. The main functionality of this program 
z390development_z390,z390development_z390/TESTICC1.CBL,"INFINITE_LOOP_NON_TERMINATION,MISSING_FILE_STATUS_HANDLING",EXTRACT_FAIL,This is a COBOL program that uses the IBM CICS (Customer Information Control System) to perform various operations related to time and date. The program seems to be testing differe
z390development_z390,z390development_z390/TESTICC1.CBL,"INFINITE_LOOP_NON_TERMINATION,MISSING_FILE_STATUS_HANDLING",EXTRACT_FAIL,This is a COBOL program that interacts with the CICS (Customer Information Control System) to perform various time and date formatting operations. The program uses several CICS com
z390development_z390,z390development_z390/TESTICC1.CBL,"INFINITE_LOOP_NON_TERMINATION,MISSING_FILE_STATUS_HANDLING",FINAL_FAIL,Could not get changed program output
z390development_z390,z390development_z390/TESTMPY2.CBL,MISSING_FILE_STATUS_HANDLING,EXTRACT_FAIL,"This COBOL program is designed to perform a series of tests based on the values of various variables (DB, LB, EH1, DH1, LH1, EB1, DB1, LB1, ED1, DD1, LD1, F1, G1, H1, P1, Q1, Z1). "
z390development_z390,z390development_z390/TESTMPY2.CBL,MISSING_FILE_STATUS_HANDLING,EXTRACT_FAIL,"This COBOL program is designed to perform a series of multiplication operations and categorize the results into two groups: ""Good"" (G) or ""Bad"" (B). The program uses multiple varia"
z390development_z390,z390development_z390/TESTMPY2.CBL,MISSING_FILE_STATUS_HANDLING,EXTRACT_FAIL,"This COBOL program is designed to perform a series of multiplication operations and categorize the results into two groups: ""Good"" and ""Bad"". The program uses a set of predefined v"
z390development_z390,z390development_z390/TESTMPY2.CBL,MISSING_FILE_STATUS_HANDLING,FINAL_FAIL,Could not get changed program output
z390development_z390,z390development_z390/TESTBEC9.CBL,"INFINITE_LOOP_NON_TERMINATION,WRONG_CALCULATION_LOGIC",EXTRACT_FAIL,This is a COBOL program that uses IBM's CICS (Customer Information Control System) to interact with a mainframe computer. The program appears to be testing various error conditions
z390development_z390,z390development_z390/TESTBEC9.CBL,"INFINITE_LOOP_NON_TERMINATION,WRONG_CALCULATION_LOGIC",EXTRACT_FAIL,This is a COBOL program that uses IBM's CICS (Customer Information Control System) to interact with a mainframe computer. The program appears to be testing various error conditions
z390development_z390,z390development_z390/TESTBEC9.CBL,"INFINITE_LOOP_NON_TERMINATION,WRONG_CALCULATION_LOGIC",EXTRACT_FAIL,This is an assembly language program written for IBM's System/370 mainframe computer. It appears to be a test program for the CICS (Customer Information Control System) transaction
z390development_z390,z390development_z390/TESTBEC9.CBL,"INFINITE_LOOP_NON_TERMINATION,WRONG_CALCULATION_LOGIC",FINAL_FAIL,Could not get changed program output
z390development_z390,z390development_z390/U4.CBL,"MISSING_FILE_STATUS_HANDLING,INFINITE_LOOP_NON_TERMINATION",EXTRACT_FAIL,"This code is written in COBOL, a high-level programming language used primarily for business, finance, and administrative systems. The program appears to be processing data from tw"
z390development_z390,z390development_z390/U4.CBL,"MISSING_FILE_STATUS_HANDLING,INFINITE_LOOP_NON_TERMINATION",EXTRACT_FAIL,"This code appears to be written in COBOL, a high-level programming language used for business, finance, and administrative systems. The program seems to be processing data from two"
z390development_z390,z390development_z390/U4.CBL,"MISSING_FILE_STATUS_HANDLING,INFINITE_LOOP_NON_TERMINATION",EXTRACT_FAIL,"This code is written in COBOL, a high-level programming language used for business, finance, and administrative systems. The program appears to be processing data from two input fi"
z390development_z390,z390development_z390/U4.CBL,"MISSING_FILE_STATUS_HANDLING,INFINITE_LOOP_NON_TERMINATION",FINAL_FAIL,Could not get changed program output
z390development_z390,z390development_z390/U1.CBL,"UNINITIALIZED_DATA_ITEM_USE,DIVIDE_BY_ZERO_RISK",EXTRACT_FAIL,"This code is written in COBOL, a high-level programming language used primarily for business, finance, and administrative systems. The code appears to be part of a larger program t"
z390development_z390,z390development_z390/U1.CBL,"UNINITIALIZED_DATA_ITEM_USE,DIVIDE_BY_ZERO_RISK",EXTRACT_FAIL,"This is a COBOL program that appears to be processing some kind of data structure, possibly related to file or database records. The main sections are:\n\n1. PROCESSING SECTION: This"
z390development_z390,z390development_z390/U1.CBL,"UNINITIALIZED_DATA_ITEM_USE,DIVIDE_BY_ZERO_RISK",EXTRACT_FAIL,"This code appears to be a COBOL program that processes data from two input files, U6-FILE and U6B-FILE, and generates output records based on the contents of these files. The progr"
z390development_z390,z390development_z390/U1.CBL,"UNINITIALIZED_DATA_ITEM_USE,DIVIDE_BY_ZERO_RISK",FINAL_FAIL,Could not get changed program output
z390development_z390,z390development_z390/TESTDFP1.CBL,"UNINITIALIZED_DATA_ITEM_USE,MISSING_FILE_STATUS_HANDLING",EXTRACT_FAIL,"This COBOL program is designed to test various arithmetic operations (addition, subtraction, multiplication, and division) on different numeric data types. The program uses several"
z390development_z390,z390development_z390/TESTDFP1.CBL,"UNINITIALIZED_DATA_ITEM_USE,MISSING_FILE_STATUS_HANDLING",EXTRACT_FAIL,"This is a COBOL program that tests various arithmetic operations (addition, subtraction, multiplication, and division) on different data types (HFP-SRT, HFP-LNG, HFP-EXT, BFP-SRT, "
z390development_z390,z390development_z390/TESTDFP1.CBL,"UNINITIALIZED_DATA_ITEM_USE,MISSING_FILE_STATUS_HANDLING",EXTRACT_FAIL,"This COBOL program is designed to test various arithmetic operations (addition, subtraction, multiplication, and division) on different data types such as HFP-SRT, BFP-LNG, DFP-EXT"
z390development_z390,z390development_z390/TESTDFP1.CBL,"UNINITIALIZED_DATA_ITEM_USE,MISSING_FILE_STATUS_HANDLING",FINAL_FAIL,Could not get changed program output
z390development_z390,z390development_z390/TESTIF1.CBL,INFINITE_LOOP_NON_TERMINATION,EXTRACT_FAIL,"The code you've provided is a COBOL program that performs a series of conditional tests and counts the number of successful tests (referred to as ""GOOD""). The program compares each"
z390development_z390,z390development_z390/TESTIF1.CBL,INFINITE_LOOP_NON_TERMINATION,EXTRACT_FAIL,This COBOL program is performing a series of conditional checks to determine if certain variables are equal to each other. It's essentially doing an exhaustive comparison between a
z390development_z390,z390development_z390/TESTIF1.CBL,INFINITE_LOOP_NON_TERMINATION,EXTRACT_FAIL,"This COBOL program is performing a series of conditional checks to see if certain variables are equal to each other, and incrementing a counter (`GOOD`) for each successful match.\n"
z390development_z390,z390development_z390/TESTIF1.CBL,INFINITE_LOOP_NON_TERMINATION,FINAL_FAIL,Could not get changed program output
z390development_z390,z390development_z390/TESTBMC1.CBL,DIVIDE_BY_ZERO_RISK,EXTRACT_FAIL,This is a COBOL program that interacts with an IBM mainframe system using the Common Business-Oriented Language (COBOL) and Customer Information Control System (CICS). The program 
z390development_z390,z390development_z390/U6B.CBL,,SKIP_NOT_PROGRAM,No PROCEDURE DIVISION
z390development_z390,z390development_z390/TESTBEC6.CBL,INFINITE_LOOP_NON_TERMINATION,NOT_PROGRAM_AFTER_EXTRACT,*****************************************************************\n\n      * z390 - Mainframe assembler emulator and run-time engine\n      * Copyright (C) 2021 z390 Assembler LLC\n   
z390development_z390,z390development_z390/TESTBEC6.CBL,INFINITE_LOOP_NON_TERMINATION,NOT_PROGRAM_AFTER_EXTRACT,*****************************************************************\n\n      * z390 - Mainframe assembler emulator and run-time engine\n      * Copyright (C) 2021 z390 Assembler LLC\n   
z390development_z390,z390development_z390/TESTSUB2.CBL,"DIVIDE_BY_ZERO_RISK,UNINITIALIZED_DATA_ITEM_USE",EXTRACT_FAIL,"This COBOL program is designed to perform a series of tests on various variables (EH1, DH1, LH1, EB1, DB1, LB1, ED1, DD1, LD1, F1, G1, H1, P1, Q1, Z1) by subtracting specific value"
z390development_z390,z390development_z390/TESTSUB2.CBL,"DIVIDE_BY_ZERO_RISK,UNINITIALIZED_DATA_ITEM_USE",EXTRACT_FAIL,"This COBOL program appears to be a test suite for some kind of validation or verification process. It initializes several variables (EH1, DH1, LH1, EB1, DB1, LB1, ED1, DD1, LD1, F1"
z390development_z390,z390development_z390/TESTSUB2.CBL,"DIVIDE_BY_ZERO_RISK,UNINITIALIZED_DATA_ITEM_USE",EXTRACT_FAIL,"This COBOL program is designed to perform a series of tests on multiple variables (EH1, DH1, LH1, EB1, DB1, LB1, ED1, DD1, LD1, F1, G1, H1, P1, Q1, Z1) by subtracting different val"
z390development_z390,z390development_z390/TESTSUB2.CBL,"DIVIDE_BY_ZERO_RISK,UNINITIALIZED_DATA_ITEM_USE",FINAL_FAIL,Could not get changed program output
z390development_z390,z390development_z390/TESTMPY1.CBL,"MISSING_FILE_STATUS_HANDLING,DIVIDE_BY_ZERO_RISK",EXTRACT_FAIL,"This COBOL program is designed to perform a series of multiplication operations and keep track of the number of successful (""good"") and unsuccessful (""bad"") tests based on certain "
z390development_z390,z390development_z390/TESTMPY1.CBL,"MISSING_FILE_STATUS_HANDLING,DIVIDE_BY_ZERO_RISK",EXTRACT_FAIL,"The code you've provided is a COBOL program that performs a series of multiplication operations and checks the results against predefined values. If the result matches, it incremen"
z390development_z390,z390development_z390/TESTMPY1.CBL,"MISSING_FILE_STATUS_HANDLING,DIVIDE_BY_ZERO_RISK",EXTRACT_FAIL,This COBOL program is designed to perform a series of multiplication operations and then display the results based on whether each operation meets a certain condition.\n\nThe program
z390development_z390,z390development_z390/TESTMPY1.CBL,"MISSING_FILE_STATUS_HANDLING,DIVIDE_BY_ZERO_RISK",FINAL_FAIL,Could not get changed program output
z390development_z390,z390development_z390/TESTDIV1.CBL,"WRONG_CALCULATION_LOGIC,DIVIDE_BY_ZERO_RISK",EXTRACT_FAIL,"This COBOL program is designed to perform a series of tests on various variables (EH1, DH1, LH1, EB1, DB1, LB1, ED1, DD1, LD1, F1, G1, H1, P1, Q1, Z1) by dividing them with corresp"
z390development_z390,z390development_z390/TESTDIV1.CBL,"WRONG_CALCULATION_LOGIC,DIVIDE_BY_ZERO_RISK",EXTRACT_FAIL,"This COBOL program is designed to perform a series of tests on various variables (EH1, DH1, LH1, EB1, DB1, LB1, ED1, DD1, LD1, F1, G1, H1, P1, Q1, Z1) by dividing them with corresp"
z390development_z390,z390development_z390/TESTDIV1.CBL,"WRONG_CALCULATION_LOGIC,DIVIDE_BY_ZERO_RISK",EXTRACT_FAIL,This COBOL program is designed to perform a series of tests involving division operations and conditional branching based on the results of these divisions. Here's a breakdown of w
z390development_z390,z390development_z390/TESTDIV1.CBL,"WRONG_CALCULATION_LOGIC,DIVIDE_BY_ZERO_RISK",FINAL_FAIL,Could not get changed program output
