repo_id,file_path,bug_instance_id,bug_type,bug_severity,template_id,injection_site,injected_line_start,injected_line_end,dataset_seed,run_id,notes
seanpm2001_SNU_2D_ProgrammingTools_IDE_COBOL,seanpm2001_SNU_2D_ProgrammingTools_IDE_COBOL/HelloWorld_V1.cbl,RB000001,UNINITIALIZED_DATA_ITEM_USE,HIGH,T_R_UNINIT_01,PROCEDURE-DIVISION,13,16,42,COBUG_RUNTIME_FINAL_FIXED_V1,MARKERS_PRESENT
seanpm2001_SNU_2D_ProgrammingTools_IDE_COBOL,seanpm2001_SNU_2D_ProgrammingTools_IDE_COBOL/HelloWorldPunchcard_V1.cob,RB000002,MISSING_FILE_STATUS_HANDLING,MEDIUM,T_R_FILE_01,PROCEDURE-DIVISION,,,42,COBUG_RUNTIME_FINAL_FIXED_V1,NO_MARKERS
Martinfx_Cobol,Martinfx_Cobol/core_basic_window.cbl,RB000003,MISSING_FILE_STATUS_HANDLING,MEDIUM,T_R_FILE_01,PROCEDURE-DIVISION,,,42,COBUG_RUNTIME_FINAL_FIXED_V1,NO_MARKERS
Martinfx_Cobol,Martinfx_Cobol/String.cbl,RB000004,UNINITIALIZED_DATA_ITEM_USE,HIGH,T_R_UNINIT_01,PROCEDURE-DIVISION,,,42,COBUG_RUNTIME_FINAL_FIXED_V1,NO_MARKERS
Martinfx_Cobol,Martinfx_Cobol/ForLoop.cbl,RB000005,UNINITIALIZED_DATA_ITEM_USE,HIGH,T_R_UNINIT_01,PROCEDURE-DIVISION,,,42,COBUG_RUNTIME_FINAL_FIXED_V1,NO_MARKERS
Martinfx_Cobol,Martinfx_Cobol/ConditionNameCondition.cbl,RB000006,MISSING_FILE_STATUS_HANDLING,MEDIUM,T_R_FILE_01,PROCEDURE-DIVISION,36,41,42,COBUG_RUNTIME_FINAL_FIXED_V1,MARKERS_PRESENT
Martinfx_Cobol,Martinfx_Cobol/ConditionNameCondition.cbl,RB000007,INFINITE_LOOP_NON_TERMINATION,HIGH,T_R_LOOP_01,PROCEDURE-DIVISION,42,47,42,COBUG_RUNTIME_FINAL_FIXED_V1,MARKERS_PRESENT
Martinfx_Cobol,Martinfx_Cobol/CombinedConditions.cbl,RB000008,DIVIDE_BY_ZERO_RISK,HIGH,T_R_DIV0_01,PROCEDURE-DIVISION,,,42,COBUG_RUNTIME_FINAL_FIXED_V1,NO_MARKERS
Martinfx_Cobol,Martinfx_Cobol/CombinedConditions.cbl,RB000009,INFINITE_LOOP_NON_TERMINATION,HIGH,T_R_LOOP_01,PROCEDURE-DIVISION,,,42,COBUG_RUNTIME_FINAL_FIXED_V1,NO_MARKERS
Martinfx_Cobol,Martinfx_Cobol/InsertSort.cbl,RB000010,DIVIDE_BY_ZERO_RISK,HIGH,T_R_DIV0_01,PROCEDURE-DIVISION,,,42,COBUG_RUNTIME_FINAL_FIXED_V1,NO_MARKERS
Martinfx_Cobol,Martinfx_Cobol/SelectSort.cbl,RB000011,INFINITE_LOOP_NON_TERMINATION,HIGH,T_R_LOOP_01,PROCEDURE-DIVISION,,,42,COBUG_RUNTIME_FINAL_FIXED_V1,NO_MARKERS
Martinfx_Cobol,Martinfx_Cobol/SelectSort.cbl,RB000012,UNINITIALIZED_DATA_ITEM_USE,HIGH,T_R_UNINIT_01,PROCEDURE-DIVISION,,,42,COBUG_RUNTIME_FINAL_FIXED_V1,NO_MARKERS
Martinfx_Cobol,Martinfx_Cobol/Address.cbl,RB000013,INFINITE_LOOP_NON_TERMINATION,HIGH,T_R_LOOP_01,PROCEDURE-DIVISION,40,46,42,COBUG_RUNTIME_FINAL_FIXED_V1,MARKERS_PRESENT
Martinfx_Cobol,Martinfx_Cobol/While.cbl,RB000014,MISSING_FILE_STATUS_HANDLING,MEDIUM,T_R_FILE_01,PROCEDURE-DIVISION,,,42,COBUG_RUNTIME_FINAL_FIXED_V1,NO_MARKERS
GaloisGirl_Coding,GaloisGirl_Coding/d01a.cob,RB000015,INFINITE_LOOP_NON_TERMINATION,HIGH,T_R_LOOP_01,PROCEDURE-DIVISION,45,47,42,COBUG_RUNTIME_FINAL_FIXED_V1,MARKERS_PRESENT
GaloisGirl_Coding,GaloisGirl_Coding/d21a.cob,RB000016,UNINITIALIZED_DATA_ITEM_USE,HIGH,T_R_UNINIT_01,PROCEDURE-DIVISION,,,42,COBUG_RUNTIME_FINAL_FIXED_V1,NO_MARKERS
GaloisGirl_Coding,GaloisGirl_Coding/d21a.cob,RB000017,WRONG_CALCULATION_LOGIC,MEDIUM,T_R_LOGIC_01,PROCEDURE-DIVISION,,,42,COBUG_RUNTIME_FINAL_FIXED_V1,NO_MARKERS
GaloisGirl_Coding,GaloisGirl_Coding/d02b.cob,RB000018,MISSING_FILE_STATUS_HANDLING,MEDIUM,T_R_FILE_01,PROCEDURE-DIVISION,53,60,42,COBUG_RUNTIME_FINAL_FIXED_V1,MARKERS_PRESENT
GaloisGirl_Coding,GaloisGirl_Coding/d02b.cob,RB000019,WRONG_CALCULATION_LOGIC,MEDIUM,T_R_LOGIC_01,PROCEDURE-DIVISION,61,71,42,COBUG_RUNTIME_FINAL_FIXED_V1,MARKERS_PRESENT
GaloisGirl_Coding,GaloisGirl_Coding/d05a.cob,RB000020,DIVIDE_BY_ZERO_RISK,HIGH,T_R_DIV0_01,PROCEDURE-DIVISION,,,42,COBUG_RUNTIME_FINAL_FIXED_V1,NO_MARKERS
GaloisGirl_Coding,GaloisGirl_Coding/d10a.cob,RB000021,INFINITE_LOOP_NON_TERMINATION,HIGH,T_R_LOOP_01,PROCEDURE-DIVISION,84,109,42,COBUG_RUNTIME_FINAL_FIXED_V1,MARKERS_PRESENT
GaloisGirl_Coding,GaloisGirl_Coding/d10a.cob,RB000022,DIVIDE_BY_ZERO_RISK,HIGH,T_R_DIV0_01,PROCEDURE-DIVISION,110,113,42,COBUG_RUNTIME_FINAL_FIXED_V1,MARKERS_PRESENT
GaloisGirl_Coding,GaloisGirl_Coding/d04b.cob,RB000023,UNINITIALIZED_DATA_ITEM_USE,HIGH,T_R_UNINIT_01,PROCEDURE-DIVISION,,,42,COBUG_RUNTIME_FINAL_FIXED_V1,NO_MARKERS
GaloisGirl_Coding,GaloisGirl_Coding/d01b.cob,RB000024,UNINITIALIZED_DATA_ITEM_USE,HIGH,T_R_UNINIT_01,PROCEDURE-DIVISION,55,58,42,COBUG_RUNTIME_FINAL_FIXED_V1,MARKERS_PRESENT
bhbandam_AZ-Legacy-Engineering,bhbandam_AZ-Legacy-Engineering/mscmtics.cbl,RB000025,MISSING_FILE_STATUS_HANDLING,MEDIUM,T_R_FILE_01,PROCEDURE-DIVISION,,,42,COBUG_RUNTIME_FINAL_FIXED_V1,NO_MARKERS
bhbandam_AZ-Legacy-Engineering,bhbandam_AZ-Legacy-Engineering/wtiscusi.cbl,RB000026,DIVIDE_BY_ZERO_RISK,HIGH,T_R_DIV0_01,PROCEDURE-DIVISION,,,42,COBUG_RUNTIME_FINAL_FIXED_V1,NO_MARKERS
IBM_example-health-apis,IBM_example-health-apis/HCAZERRS.cbl,RB000027,WRONG_CALCULATION_LOGIC,MEDIUM,T_R_LOGIC_01,PROCEDURE-DIVISION,,,42,COBUG_RUNTIME_FINAL_FIXED_V1,NO_MARKERS
IBM_example-health-apis,IBM_example-health-apis/HCAZERRS.cbl,RB000028,UNINITIALIZED_DATA_ITEM_USE,HIGH,T_R_UNINIT_01,PROCEDURE-DIVISION,,,42,COBUG_RUNTIME_FINAL_FIXED_V1,NO_MARKERS
IBM_example-health-apis,IBM_example-health-apis/HCT1PL01.cbl,RB000029,INFINITE_LOOP_NON_TERMINATION,HIGH,T_R_LOOP_01,PROCEDURE-DIVISION,,,42,COBUG_RUNTIME_FINAL_FIXED_V1,NO_MARKERS
IBM_example-health-apis,IBM_example-health-apis/HCT1PL01.cbl,RB000030,WRONG_CALCULATION_LOGIC,MEDIUM,T_R_LOGIC_01,PROCEDURE-DIVISION,,,42,COBUG_RUNTIME_FINAL_FIXED_V1,NO_MARKERS
IBM_example-health-apis,IBM_example-health-apis/HCITDB01.cbl,RB000031,INFINITE_LOOP_NON_TERMINATION,HIGH,T_R_LOOP_01,PROCEDURE-DIVISION,,,42,COBUG_RUNTIME_FINAL_FIXED_V1,NO_MARKERS
IBM_example-health-apis,IBM_example-health-apis/HCM1PL01.cbl,RB000032,MISSING_FILE_STATUS_HANDLING,MEDIUM,T_R_FILE_01,PROCEDURE-DIVISION,,,42,COBUG_RUNTIME_FINAL_FIXED_V1,NO_MARKERS
IBM_example-health-apis,IBM_example-health-apis/HCMADB01.cbl,RB000033,DIVIDE_BY_ZERO_RISK,HIGH,T_R_DIV0_01,PROCEDURE-DIVISION,,,42,COBUG_RUNTIME_FINAL_FIXED_V1,NO_MARKERS
IBM_example-health-apis,IBM_example-health-apis/HCMADB01.cbl,RB000034,MISSING_FILE_STATUS_HANDLING,MEDIUM,T_R_FILE_01,PROCEDURE-DIVISION,,,42,COBUG_RUNTIME_FINAL_FIXED_V1,NO_MARKERS
IBM_example-health-apis,IBM_example-health-apis/HCP1PL01.cbl,RB000035,MISSING_FILE_STATUS_HANDLING,MEDIUM,T_R_FILE_01,PROCEDURE-DIVISION,,,42,COBUG_RUNTIME_FINAL_FIXED_V1,NO_MARKERS
IBM_example-health-apis,IBM_example-health-apis/HCATDB01.cbl,RB000036,INFINITE_LOOP_NON_TERMINATION,HIGH,T_R_LOOP_01,PROCEDURE-DIVISION,,,42,COBUG_RUNTIME_FINAL_FIXED_V1,NO_MARKERS
IBM_example-health-apis,IBM_example-health-apis/HCATDB01.cbl,RB000037,UNINITIALIZED_DATA_ITEM_USE,HIGH,T_R_UNINIT_01,PROCEDURE-DIVISION,,,42,COBUG_RUNTIME_FINAL_FIXED_V1,NO_MARKERS
IBM_example-health-apis,IBM_example-health-apis/HCIVDB01.cbl,RB000038,DIVIDE_BY_ZERO_RISK,HIGH,T_R_DIV0_01,PROCEDURE-DIVISION,,,42,COBUG_RUNTIME_FINAL_FIXED_V1,NO_MARKERS
IBM_example-health-apis,IBM_example-health-apis/HCIVDB01.cbl,RB000039,MISSING_FILE_STATUS_HANDLING,MEDIUM,T_R_FILE_01,PROCEDURE-DIVISION,,,42,COBUG_RUNTIME_FINAL_FIXED_V1,NO_MARKERS
IBM_example-health-apis,IBM_example-health-apis/HCT1BA01.cbl,RB000040,DIVIDE_BY_ZERO_RISK,HIGH,T_R_DIV0_01,PROCEDURE-DIVISION,,,42,COBUG_RUNTIME_FINAL_FIXED_V1,NO_MARKERS
IBM_example-health-apis,IBM_example-health-apis/HCT1BI01.cbl,RB000041,UNINITIALIZED_DATA_ITEM_USE,HIGH,T_R_UNINIT_01,PROCEDURE-DIVISION,,,42,COBUG_RUNTIME_FINAL_FIXED_V1,NO_MARKERS
IBM_example-health-apis,IBM_example-health-apis/HCT1BI01.cbl,RB000042,INFINITE_LOOP_NON_TERMINATION,HIGH,T_R_LOOP_01,PROCEDURE-DIVISION,,,42,COBUG_RUNTIME_FINAL_FIXED_V1,NO_MARKERS
ve3wwg_cobcurses,ve3wwg_cobcurses/test008.cob,RB000043,WRONG_CALCULATION_LOGIC,MEDIUM,T_R_LOGIC_01,PROCEDURE-DIVISION,,,42,COBUG_RUNTIME_FINAL_FIXED_V1,NO_MARKERS
ve3wwg_cobcurses,ve3wwg_cobcurses/cobcurses_menu_sd_menu_items.cob,RB000044,MISSING_FILE_STATUS_HANDLING,MEDIUM,T_R_FILE_01,PROCEDURE-DIVISION,,,42,COBUG_RUNTIME_FINAL_FIXED_V1,NO_MARKERS
ve3wwg_cobcurses,ve3wwg_cobcurses/sd002000.cob,RB000045,MISSING_FILE_STATUS_HANDLING,MEDIUM,T_R_FILE_01,PROCEDURE-DIVISION,,,42,COBUG_RUNTIME_FINAL_FIXED_V1,NO_MARKERS
ve3wwg_cobcurses,ve3wwg_cobcurses/sd002000.cob,RB000046,UNINITIALIZED_DATA_ITEM_USE,HIGH,T_R_UNINIT_01,PROCEDURE-DIVISION,,,42,COBUG_RUNTIME_FINAL_FIXED_V1,NO_MARKERS
ve3wwg_cobcurses,ve3wwg_cobcurses/EDPR010.cob,RB000047,UNINITIALIZED_DATA_ITEM_USE,HIGH,T_R_UNINIT_01,PROCEDURE-DIVISION,,,42,COBUG_RUNTIME_FINAL_FIXED_V1,NO_MARKERS
ve3wwg_cobcurses,ve3wwg_cobcurses/EDPR010.cob,RB000048,INFINITE_LOOP_NON_TERMINATION,HIGH,T_R_LOOP_01,PROCEDURE-DIVISION,,,42,COBUG_RUNTIME_FINAL_FIXED_V1,NO_MARKERS
ve3wwg_cobcurses,ve3wwg_cobcurses/testcurses.cob,RB000049,MISSING_FILE_STATUS_HANDLING,MEDIUM,T_R_FILE_01,PROCEDURE-DIVISION,,,42,COBUG_RUNTIME_FINAL_FIXED_V1,NO_MARKERS
ve3wwg_cobcurses,ve3wwg_cobcurses/testcurses.cob,RB000050,WRONG_CALCULATION_LOGIC,MEDIUM,T_R_LOGIC_01,PROCEDURE-DIVISION,,,42,COBUG_RUNTIME_FINAL_FIXED_V1,NO_MARKERS
ve3wwg_cobcurses,ve3wwg_cobcurses/cobcurses_format_comp2.cob,RB000051,DIVIDE_BY_ZERO_RISK,HIGH,T_R_DIV0_01,PROCEDURE-DIVISION,,,42,COBUG_RUNTIME_FINAL_FIXED_V1,NO_MARKERS
ve3wwg_cobcurses,ve3wwg_cobcurses/test010.cob,RB000052,INFINITE_LOOP_NON_TERMINATION,HIGH,T_R_LOOP_01,PROCEDURE-DIVISION,,,42,COBUG_RUNTIME_FINAL_FIXED_V1,NO_MARKERS
ve3wwg_cobcurses,ve3wwg_cobcurses/sd002070.cob,RB000053,WRONG_CALCULATION_LOGIC,MEDIUM,T_R_LOGIC_01,PROCEDURE-DIVISION,,,42,COBUG_RUNTIME_FINAL_FIXED_V1,NO_MARKERS
ve3wwg_cobcurses,ve3wwg_cobcurses/cobcurses_edit_comp2.cob,RB000054,MISSING_FILE_STATUS_HANDLING,MEDIUM,T_R_FILE_01,PROCEDURE-DIVISION,,,42,COBUG_RUNTIME_FINAL_FIXED_V1,NO_MARKERS
ve3wwg_cobcurses,ve3wwg_cobcurses/cobcurses_edit_comp2.cob,RB000055,UNINITIALIZED_DATA_ITEM_USE,HIGH,T_R_UNINIT_01,PROCEDURE-DIVISION,,,42,COBUG_RUNTIME_FINAL_FIXED_V1,NO_MARKERS
ve3wwg_cobcurses,ve3wwg_cobcurses/cobcurses_menu_sd_charsets.cob,RB000056,UNINITIALIZED_DATA_ITEM_USE,HIGH,T_R_UNINIT_01,PROCEDURE-DIVISION,,,42,COBUG_RUNTIME_FINAL_FIXED_V1,NO_MARKERS
ve3wwg_cobcurses,ve3wwg_cobcurses/3270test.cob,RB000057,WRONG_CALCULATION_LOGIC,MEDIUM,T_R_LOGIC_01,PROCEDURE-DIVISION,,,42,COBUG_RUNTIME_FINAL_FIXED_V1,NO_MARKERS
ve3wwg_cobcurses,ve3wwg_cobcurses/3270test.cob,RB000058,UNINITIALIZED_DATA_ITEM_USE,HIGH,T_R_UNINIT_01,PROCEDURE-DIVISION,,,42,COBUG_RUNTIME_FINAL_FIXED_V1,NO_MARKERS
ve3wwg_cobcurses,ve3wwg_cobcurses/test001.cob,RB000059,WRONG_CALCULATION_LOGIC,MEDIUM,T_R_LOGIC_01,PROCEDURE-DIVISION,,,42,COBUG_RUNTIME_FINAL_FIXED_V1,NO_MARKERS
ve3wwg_cobcurses,ve3wwg_cobcurses/sd002035.cob,RB000060,WRONG_CALCULATION_LOGIC,MEDIUM,T_R_LOGIC_01,PROCEDURE-DIVISION,,,42,COBUG_RUNTIME_FINAL_FIXED_V1,NO_MARKERS
ve3wwg_cobcurses,ve3wwg_cobcurses/test009.cob,RB000061,INFINITE_LOOP_NON_TERMINATION,HIGH,T_R_LOOP_01,PROCEDURE-DIVISION,,,42,COBUG_RUNTIME_FINAL_FIXED_V1,NO_MARKERS
ve3wwg_cobcurses,ve3wwg_cobcurses/themain.cob,RB000062,UNINITIALIZED_DATA_ITEM_USE,HIGH,T_R_UNINIT_01,PROCEDURE-DIVISION,2,5,42,COBUG_RUNTIME_FINAL_FIXED_V1,MARKERS_PRESENT
ve3wwg_cobcurses,ve3wwg_cobcurses/themain.cob,RB000063,INFINITE_LOOP_NON_TERMINATION,HIGH,T_R_LOOP_01,PROCEDURE-DIVISION,23,28,42,COBUG_RUNTIME_FINAL_FIXED_V1,MARKERS_PRESENT
ve3wwg_cobcurses,ve3wwg_cobcurses/ed000010.cob,RB000064,INFINITE_LOOP_NON_TERMINATION,HIGH,T_R_LOOP_01,PROCEDURE-DIVISION,,,42,COBUG_RUNTIME_FINAL_FIXED_V1,NO_MARKERS
ve3wwg_cobcurses,ve3wwg_cobcurses/ed000010.cob,RB000065,MISSING_FILE_STATUS_HANDLING,MEDIUM,T_R_FILE_01,PROCEDURE-DIVISION,,,42,COBUG_RUNTIME_FINAL_FIXED_V1,NO_MARKERS
ve3wwg_cobcurses,ve3wwg_cobcurses/cobcurses_menu_sd_screens.cob,RB000066,WRONG_CALCULATION_LOGIC,MEDIUM,T_R_LOGIC_01,PROCEDURE-DIVISION,,,42,COBUG_RUNTIME_FINAL_FIXED_V1,NO_MARKERS
ve3wwg_cobcurses,ve3wwg_cobcurses/cobcurses_test_units.cob,RB000067,MISSING_FILE_STATUS_HANDLING,MEDIUM,T_R_FILE_01,PROCEDURE-DIVISION,,,42,COBUG_RUNTIME_FINAL_FIXED_V1,NO_MARKERS
ve3wwg_cobcurses,ve3wwg_cobcurses/cobcurses_test_units.cob,RB000068,INFINITE_LOOP_NON_TERMINATION,HIGH,T_R_LOOP_01,PROCEDURE-DIVISION,,,42,COBUG_RUNTIME_FINAL_FIXED_V1,NO_MARKERS
ve3wwg_cobcurses,ve3wwg_cobcurses/sd002033.cob,RB000069,MISSING_FILE_STATUS_HANDLING,MEDIUM,T_R_FILE_01,PROCEDURE-DIVISION,,,42,COBUG_RUNTIME_FINAL_FIXED_V1,NO_MARKERS
ve3wwg_cobcurses,ve3wwg_cobcurses/sd002033.cob,RB000070,INFINITE_LOOP_NON_TERMINATION,HIGH,T_R_LOOP_01,PROCEDURE-DIVISION,,,42,COBUG_RUNTIME_FINAL_FIXED_V1,NO_MARKERS
ve3wwg_cobcurses,ve3wwg_cobcurses/cobcurses_ecvt_comp_2.cob,RB000071,UNINITIALIZED_DATA_ITEM_USE,HIGH,T_R_UNINIT_01,PROCEDURE-DIVISION,95,98,42,COBUG_RUNTIME_FINAL_FIXED_V1,MARKERS_PRESENT
ve3wwg_cobcurses,ve3wwg_cobcurses/cobcurses_ecvt_comp_2.cob,RB000072,INFINITE_LOOP_NON_TERMINATION,HIGH,T_R_LOOP_01,PROCEDURE-DIVISION,99,106,42,COBUG_RUNTIME_FINAL_FIXED_V1,MARKERS_PRESENT
ve3wwg_cobcurses,ve3wwg_cobcurses/test006.cob,RB000073,INFINITE_LOOP_NON_TERMINATION,HIGH,T_R_LOOP_01,PROCEDURE-DIVISION,,,42,COBUG_RUNTIME_FINAL_FIXED_V1,NO_MARKERS
ve3wwg_cobcurses,ve3wwg_cobcurses/test003.cob,RB000074,MISSING_FILE_STATUS_HANDLING,MEDIUM,T_R_FILE_01,PROCEDURE-DIVISION,,,42,COBUG_RUNTIME_FINAL_FIXED_V1,NO_MARKERS
ve3wwg_cobcurses,ve3wwg_cobcurses/test003.cob,RB000075,INFINITE_LOOP_NON_TERMINATION,HIGH,T_R_LOOP_01,PROCEDURE-DIVISION,,,42,COBUG_RUNTIME_FINAL_FIXED_V1,NO_MARKERS
abrignoli_COBSOFT,abrignoli_COBSOFT/CS30002C.cbl,RB000076,UNINITIALIZED_DATA_ITEM_USE,HIGH,T_R_UNINIT_01,PROCEDURE-DIVISION,,,42,COBUG_RUNTIME_FINAL_FIXED_V1,NO_MARKERS
abrignoli_COBSOFT,abrignoli_COBSOFT/CS00004S.cbl,RB000077,WRONG_CALCULATION_LOGIC,MEDIUM,T_R_LOGIC_01,PROCEDURE-DIVISION,22,24,42,COBUG_RUNTIME_FINAL_FIXED_V1,MARKERS_PRESENT
abrignoli_COBSOFT,abrignoli_COBSOFT/CS00004S.cbl,RB000078,WRONG_CALCULATION_LOGIC,MEDIUM,T_R_LOGIC_01,PROCEDURE-DIVISION,27,29,42,COBUG_RUNTIME_FINAL_FIXED_V1,MARKERS_PRESENT
abrignoli_COBSOFT,abrignoli_COBSOFT/CS00004S.cbl,RB000079,WRONG_CALCULATION_LOGIC,MEDIUM,T_R_LOGIC_01,PROCEDURE-DIVISION,32,34,42,COBUG_RUNTIME_FINAL_FIXED_V1,MARKERS_PRESENT
abrignoli_COBSOFT,abrignoli_COBSOFT/CS20002C.cbl,RB000080,MISSING_FILE_STATUS_HANDLING,MEDIUM,T_R_FILE_01,PROCEDURE-DIVISION,27,31,42,COBUG_RUNTIME_FINAL_FIXED_V1,MARKERS_PRESENT
abrignoli_COBSOFT,abrignoli_COBSOFT/CS20002C.cbl,RB000081,WRONG_CALCULATION_LOGIC,MEDIUM,T_R_LOGIC_01,PROCEDURE-DIVISION,34,38,42,COBUG_RUNTIME_FINAL_FIXED_V1,MARKERS_PRESENT
abrignoli_COBSOFT,abrignoli_COBSOFT/CS10012C.cbl,RB000082,WRONG_CALCULATION_LOGIC,MEDIUM,T_R_LOGIC_01,PROCEDURE-DIVISION,,,42,COBUG_RUNTIME_FINAL_FIXED_V1,NO_MARKERS
abrignoli_COBSOFT,abrignoli_COBSOFT/CS10011C.cbl,RB000083,UNINITIALIZED_DATA_ITEM_USE,HIGH,T_R_UNINIT_01,PROCEDURE-DIVISION,,,42,COBUG_RUNTIME_FINAL_FIXED_V1,NO_MARKERS
abrignoli_COBSOFT,abrignoli_COBSOFT/CS00104S.cbl,RB000084,UNINITIALIZED_DATA_ITEM_USE,HIGH,T_R_UNINIT_01,PROCEDURE-DIVISION,,,42,COBUG_RUNTIME_FINAL_FIXED_V1,NO_MARKERS
abrignoli_COBSOFT,abrignoli_COBSOFT/CS00104S.cbl,RB000085,MISSING_FILE_STATUS_HANDLING,MEDIUM,T_R_FILE_01,PROCEDURE-DIVISION,,,42,COBUG_RUNTIME_FINAL_FIXED_V1,NO_MARKERS
abrignoli_COBSOFT,abrignoli_COBSOFT/CS00103S.cbl,RB000086,WRONG_CALCULATION_LOGIC,MEDIUM,T_R_LOGIC_01,PROCEDURE-DIVISION,,,42,COBUG_RUNTIME_FINAL_FIXED_V1,NO_MARKERS
abrignoli_COBSOFT,abrignoli_COBSOFT/CS00000S.cbl,RB000087,WRONG_CALCULATION_LOGIC,MEDIUM,T_R_LOGIC_01,PROCEDURE-DIVISION,,,42,COBUG_RUNTIME_FINAL_FIXED_V1,NO_MARKERS
abrignoli_COBSOFT,abrignoli_COBSOFT/CS00000S.cbl,RB000088,MISSING_FILE_STATUS_HANDLING,MEDIUM,T_R_FILE_01,PROCEDURE-DIVISION,,,42,COBUG_RUNTIME_FINAL_FIXED_V1,NO_MARKERS
abrignoli_COBSOFT,abrignoli_COBSOFT/ProgramaPrincipal.cbl,RB000089,INFINITE_LOOP_NON_TERMINATION,HIGH,T_R_LOOP_01,PROCEDURE-DIVISION,,,42,COBUG_RUNTIME_FINAL_FIXED_V1,NO_MARKERS
abrignoli_COBSOFT,abrignoli_COBSOFT/CS00101S.cbl,RB000090,MISSING_FILE_STATUS_HANDLING,MEDIUM,T_R_FILE_01,PROCEDURE-DIVISION,,,42,COBUG_RUNTIME_FINAL_FIXED_V1,NO_MARKERS
gbeine_COBOLUnit,gbeine_COBOLUnit/CBU00101.cob,RB000091,WRONG_CALCULATION_LOGIC,MEDIUM,T_R_LOGIC_01,PROCEDURE-DIVISION,,,42,COBUG_RUNTIME_FINAL_FIXED_V1,NO_MARKERS
gbeine_COBOLUnit,gbeine_COBOLUnit/SUITE001.cob,RB000092,UNINITIALIZED_DATA_ITEM_USE,HIGH,T_R_UNINIT_01,PROCEDURE-DIVISION,2,16,42,COBUG_RUNTIME_FINAL_FIXED_V1,MARKERS_PRESENT
gbeine_COBOLUnit,gbeine_COBOLUnit/CBU00007.cob,RB000093,WRONG_CALCULATION_LOGIC,MEDIUM,T_R_LOGIC_01,PROCEDURE-DIVISION,,,42,COBUG_RUNTIME_FINAL_FIXED_V1,NO_MARKERS
gbeine_COBOLUnit,gbeine_COBOLUnit/CBU00007.cob,RB000094,UNINITIALIZED_DATA_ITEM_USE,HIGH,T_R_UNINIT_01,PROCEDURE-DIVISION,,,42,COBUG_RUNTIME_FINAL_FIXED_V1,NO_MARKERS
gbeine_COBOLUnit,gbeine_COBOLUnit/CBU00102.cob,RB000095,DIVIDE_BY_ZERO_RISK,HIGH,T_R_DIV0_01,PROCEDURE-DIVISION,,,42,COBUG_RUNTIME_FINAL_FIXED_V1,NO_MARKERS
gbeine_COBOLUnit,gbeine_COBOLUnit/CBU00012.cob,RB000096,MISSING_FILE_STATUS_HANDLING,MEDIUM,T_R_FILE_01,PROCEDURE-DIVISION,,,42,COBUG_RUNTIME_FINAL_FIXED_V1,NO_MARKERS
gbeine_COBOLUnit,gbeine_COBOLUnit/CBU00103.cob,RB000097,MISSING_FILE_STATUS_HANDLING,MEDIUM,T_R_FILE_01,PROCEDURE-DIVISION,,,42,COBUG_RUNTIME_FINAL_FIXED_V1,NO_MARKERS
gbeine_COBOLUnit,gbeine_COBOLUnit/CBU00103.cob,RB000098,WRONG_CALCULATION_LOGIC,MEDIUM,T_R_LOGIC_01,PROCEDURE-DIVISION,,,42,COBUG_RUNTIME_FINAL_FIXED_V1,NO_MARKERS
gbeine_COBOLUnit,gbeine_COBOLUnit/CBU00100.cob,RB000099,INFINITE_LOOP_NON_TERMINATION,HIGH,T_R_LOOP_01,PROCEDURE-DIVISION,,,42,COBUG_RUNTIME_FINAL_FIXED_V1,NO_MARKERS
gbeine_COBOLUnit,gbeine_COBOLUnit/CBU00100.cob,RB000100,UNINITIALIZED_DATA_ITEM_USE,HIGH,T_R_UNINIT_01,PROCEDURE-DIVISION,,,42,COBUG_RUNTIME_FINAL_FIXED_V1,NO_MARKERS
gbeine_COBOLUnit,gbeine_COBOLUnit/CTU0S1T2.cob,RB000101,UNINITIALIZED_DATA_ITEM_USE,HIGH,T_R_UNINIT_01,PROCEDURE-DIVISION,,,42,COBUG_RUNTIME_FINAL_FIXED_V1,NO_MARKERS
gbeine_COBOLUnit,gbeine_COBOLUnit/CTU0S1T2.cob,RB000102,WRONG_CALCULATION_LOGIC,MEDIUM,T_R_LOGIC_01,PROCEDURE-DIVISION,,,42,COBUG_RUNTIME_FINAL_FIXED_V1,NO_MARKERS
gbeine_COBOLUnit,gbeine_COBOLUnit/CBU00000.cob,RB000103,INFINITE_LOOP_NON_TERMINATION,HIGH,T_R_LOOP_01,PROCEDURE-DIVISION,,,42,COBUG_RUNTIME_FINAL_FIXED_V1,NO_MARKERS
gbeine_COBOLUnit,gbeine_COBOLUnit/CBU00000.cob,RB000104,DIVIDE_BY_ZERO_RISK,HIGH,T_R_DIV0_01,PROCEDURE-DIVISION,,,42,COBUG_RUNTIME_FINAL_FIXED_V1,NO_MARKERS
gbeine_COBOLUnit,gbeine_COBOLUnit/CBU00200.cob,RB000105,INFINITE_LOOP_NON_TERMINATION,HIGH,T_R_LOOP_01,PROCEDURE-DIVISION,,,42,COBUG_RUNTIME_FINAL_FIXED_V1,NO_MARKERS
gbeine_COBOLUnit,gbeine_COBOLUnit/CBU00200.cob,RB000106,MISSING_FILE_STATUS_HANDLING,MEDIUM,T_R_FILE_01,PROCEDURE-DIVISION,,,42,COBUG_RUNTIME_FINAL_FIXED_V1,NO_MARKERS
gbeine_COBOLUnit,gbeine_COBOLUnit/CBU00006.cob,RB000107,WRONG_CALCULATION_LOGIC,MEDIUM,T_R_LOGIC_01,PROCEDURE-DIVISION,,,42,COBUG_RUNTIME_FINAL_FIXED_V1,NO_MARKERS
gbeine_COBOLUnit,gbeine_COBOLUnit/CBU00006.cob,RB000108,UNINITIALIZED_DATA_ITEM_USE,HIGH,T_R_UNINIT_01,PROCEDURE-DIVISION,,,42,COBUG_RUNTIME_FINAL_FIXED_V1,NO_MARKERS
gbeine_COBOLUnit,gbeine_COBOLUnit/CBU00002.cob,RB000109,DIVIDE_BY_ZERO_RISK,HIGH,T_R_DIV0_01,PROCEDURE-DIVISION,,,42,COBUG_RUNTIME_FINAL_FIXED_V1,NO_MARKERS
gbeine_COBOLUnit,gbeine_COBOLUnit/TS000001.cob,RB000110,UNINITIALIZED_DATA_ITEM_USE,HIGH,T_R_UNINIT_01,PROCEDURE-DIVISION,,,42,COBUG_RUNTIME_FINAL_FIXED_V1,NO_MARKERS
gbeine_COBOLUnit,gbeine_COBOLUnit/TS000001.cob,RB000111,INFINITE_LOOP_NON_TERMINATION,HIGH,T_R_LOOP_01,PROCEDURE-DIVISION,,,42,COBUG_RUNTIME_FINAL_FIXED_V1,NO_MARKERS
gbeine_COBOLUnit,gbeine_COBOLUnit/CBU00301.cob,RB000112,INFINITE_LOOP_NON_TERMINATION,HIGH,T_R_LOOP_01,PROCEDURE-DIVISION,,,42,COBUG_RUNTIME_FINAL_FIXED_V1,NO_MARKERS
gbeine_COBOLUnit,gbeine_COBOLUnit/CBU00301.cob,RB000113,MISSING_FILE_STATUS_HANDLING,MEDIUM,T_R_FILE_01,PROCEDURE-DIVISION,,,42,COBUG_RUNTIME_FINAL_FIXED_V1,NO_MARKERS
gbeine_COBOLUnit,gbeine_COBOLUnit/CBU00080.cob,RB000114,UNINITIALIZED_DATA_ITEM_USE,HIGH,T_R_UNINIT_01,PROCEDURE-DIVISION,,,42,COBUG_RUNTIME_FINAL_FIXED_V1,NO_MARKERS
gbeine_COBOLUnit,gbeine_COBOLUnit/CBU00008.cob,RB000115,UNINITIALIZED_DATA_ITEM_USE,HIGH,T_R_UNINIT_01,PROCEDURE-DIVISION,,,42,COBUG_RUNTIME_FINAL_FIXED_V1,NO_MARKERS
gbeine_COBOLUnit,gbeine_COBOLUnit/TS000002.cob,RB000116,INFINITE_LOOP_NON_TERMINATION,HIGH,T_R_LOOP_01,PROCEDURE-DIVISION,,,42,COBUG_RUNTIME_FINAL_FIXED_V1,NO_MARKERS
gbeine_COBOLUnit,gbeine_COBOLUnit/TS000002.cob,RB000117,MISSING_FILE_STATUS_HANDLING,MEDIUM,T_R_FILE_01,PROCEDURE-DIVISION,,,42,COBUG_RUNTIME_FINAL_FIXED_V1,NO_MARKERS
gbeine_COBOLUnit,gbeine_COBOLUnit/CBU00020.cob,RB000118,UNINITIALIZED_DATA_ITEM_USE,HIGH,T_R_UNINIT_01,PROCEDURE-DIVISION,,,42,COBUG_RUNTIME_FINAL_FIXED_V1,NO_MARKERS
gbeine_COBOLUnit,gbeine_COBOLUnit/CBU00020.cob,RB000119,INFINITE_LOOP_NON_TERMINATION,HIGH,T_R_LOOP_01,PROCEDURE-DIVISION,,,42,COBUG_RUNTIME_FINAL_FIXED_V1,NO_MARKERS
gbeine_COBOLUnit,gbeine_COBOLUnit/CBU00300.cob,RB000120,MISSING_FILE_STATUS_HANDLING,MEDIUM,T_R_FILE_01,PROCEDURE-DIVISION,,,42,COBUG_RUNTIME_FINAL_FIXED_V1,NO_MARKERS
lucasrmagalhaes_learning-COBOL,lucasrmagalhaes_learning-COBOL/PROGCOB06.cbl,RB000121,WRONG_CALCULATION_LOGIC,MEDIUM,T_R_LOGIC_01,PROCEDURE-DIVISION,43,51,42,COBUG_RUNTIME_FINAL_FIXED_V1,MARKERS_PRESENT
lucasrmagalhaes_learning-COBOL,lucasrmagalhaes_learning-COBOL/INCLUINDOREGISTRO.cbl,RB000122,MISSING_FILE_STATUS_HANDLING,MEDIUM,T_R_FILE_01,PROCEDURE-DIVISION,,,42,COBUG_RUNTIME_FINAL_FIXED_V1,NO_MARKERS
lucasrmagalhaes_learning-COBOL,lucasrmagalhaes_learning-COBOL/VALIDANDOESCOLHAMENU.cbl,RB000123,WRONG_CALCULATION_LOGIC,MEDIUM,T_R_LOGIC_01,PROCEDURE-DIVISION,,,42,COBUG_RUNTIME_FINAL_FIXED_V1,NO_MARKERS
lucasrmagalhaes_learning-COBOL,lucasrmagalhaes_learning-COBOL/VALIDANDOESCOLHAMENU.cbl,RB000124,INFINITE_LOOP_NON_TERMINATION,HIGH,T_R_LOOP_01,PROCEDURE-DIVISION,,,42,COBUG_RUNTIME_FINAL_FIXED_V1,NO_MARKERS
lucasrmagalhaes_learning-COBOL,lucasrmagalhaes_learning-COBOL/PROGCOB15.cob,RB000125,INFINITE_LOOP_NON_TERMINATION,HIGH,T_R_LOOP_01,PROCEDURE-DIVISION,44,47,42,COBUG_RUNTIME_FINAL_FIXED_V1,MARKERS_PRESENT
lucasrmagalhaes_learning-COBOL,lucasrmagalhaes_learning-COBOL/PROGCOBTEMPODECASAESTRUTURADO.cbl,RB000126,WRONG_CALCULATION_LOGIC,MEDIUM,T_R_LOGIC_01,PROCEDURE-DIVISION,67,81,42,COBUG_RUNTIME_FINAL_FIXED_V1,MARKERS_PRESENT
lucasrmagalhaes_learning-COBOL,lucasrmagalhaes_learning-COBOL/EXCLUINDOREGISTROS.cbl,RB000127,DIVIDE_BY_ZERO_RISK,HIGH,T_R_DIV0_01,PROCEDURE-DIVISION,,,42,COBUG_RUNTIME_FINAL_FIXED_V1,NO_MARKERS
lucasrmagalhaes_learning-COBOL,lucasrmagalhaes_learning-COBOL/EXCLUINDOREGISTROS.cbl,RB000128,UNINITIALIZED_DATA_ITEM_USE,HIGH,T_R_UNINIT_01,PROCEDURE-DIVISION,,,42,COBUG_RUNTIME_FINAL_FIXED_V1,NO_MARKERS
lucasrmagalhaes_learning-COBOL,lucasrmagalhaes_learning-COBOL/PROGCOB17.cob,RB000129,MISSING_FILE_STATUS_HANDLING,MEDIUM,T_R_FILE_01,PROCEDURE-DIVISION,,,42,COBUG_RUNTIME_FINAL_FIXED_V1,NO_MARKERS
lucasrmagalhaes_learning-COBOL,lucasrmagalhaes_learning-COBOL/PROGCOB17.cob,RB000130,UNINITIALIZED_DATA_ITEM_USE,HIGH,T_R_UNINIT_01,PROCEDURE-DIVISION,,,42,COBUG_RUNTIME_FINAL_FIXED_V1,NO_MARKERS
lucasrmagalhaes_learning-COBOL,lucasrmagalhaes_learning-COBOL/PROGCOBDESAFIODANTE.cbl,RB000131,UNINITIALIZED_DATA_ITEM_USE,HIGH,T_R_UNINIT_01,PROCEDURE-DIVISION,,,42,COBUG_RUNTIME_FINAL_FIXED_V1,NO_MARKERS
lucasrmagalhaes_learning-COBOL,lucasrmagalhaes_learning-COBOL/INCLUSAODADOS.cbl,RB000132,UNINITIALIZED_DATA_ITEM_USE,HIGH,T_R_UNINIT_01,PROCEDURE-DIVISION,,,42,COBUG_RUNTIME_FINAL_FIXED_V1,NO_MARKERS
lucasrmagalhaes_learning-COBOL,lucasrmagalhaes_learning-COBOL/PROGCOBSTRING.cob,RB000133,INFINITE_LOOP_NON_TERMINATION,HIGH,T_R_LOOP_01,PROCEDURE-DIVISION,,,42,COBUG_RUNTIME_FINAL_FIXED_V1,NO_MARKERS
lucasrmagalhaes_learning-COBOL,lucasrmagalhaes_learning-COBOL/GERANDORELATORIO.cbl,RB000134,WRONG_CALCULATION_LOGIC,MEDIUM,T_R_LOGIC_01,PROCEDURE-DIVISION,,,42,COBUG_RUNTIME_FINAL_FIXED_V1,NO_MARKERS
lucasrmagalhaes_learning-COBOL,lucasrmagalhaes_learning-COBOL/GERANDORELATORIO.cbl,RB000135,INFINITE_LOOP_NON_TERMINATION,HIGH,T_R_LOOP_01,PROCEDURE-DIVISION,,,42,COBUG_RUNTIME_FINAL_FIXED_V1,NO_MARKERS
lucasrmagalhaes_learning-COBOL,lucasrmagalhaes_learning-COBOL/RELATORIOEMTELA01.cob,RB000136,WRONG_CALCULATION_LOGIC,MEDIUM,T_R_LOGIC_01,PROCEDURE-DIVISION,,,42,COBUG_RUNTIME_FINAL_FIXED_V1,NO_MARKERS
lucasrmagalhaes_learning-COBOL,lucasrmagalhaes_learning-COBOL/RELATORIOEMTELA01.cob,RB000137,DIVIDE_BY_ZERO_RISK,HIGH,T_R_DIV0_01,PROCEDURE-DIVISION,,,42,COBUG_RUNTIME_FINAL_FIXED_V1,NO_MARKERS
lucasrmagalhaes_learning-COBOL,lucasrmagalhaes_learning-COBOL/PROGCOBCPF.cob,RB000138,INFINITE_LOOP_NON_TERMINATION,HIGH,T_R_LOOP_01,PROCEDURE-DIVISION,27,31,42,COBUG_RUNTIME_FINAL_FIXED_V1,MARKERS_PRESENT
lucasrmagalhaes_learning-COBOL,lucasrmagalhaes_learning-COBOL/PROGCOBCPF.cob,RB000139,MISSING_FILE_STATUS_HANDLING,MEDIUM,T_R_FILE_01,PROCEDURE-DIVISION,33,37,42,COBUG_RUNTIME_FINAL_FIXED_V1,MARKERS_PRESENT
lucasrmagalhaes_learning-COBOL,lucasrmagalhaes_learning-COBOL/PROGCOB04.cob,RB000140,MISSING_FILE_STATUS_HANDLING,MEDIUM,T_R_FILE_01,PROCEDURE-DIVISION,,,42,COBUG_RUNTIME_FINAL_FIXED_V1,NO_MARKERS
lucasrmagalhaes_learning-COBOL,lucasrmagalhaes_learning-COBOL/PROGCOB13.cob,RB000141,INFINITE_LOOP_NON_TERMINATION,HIGH,T_R_LOOP_01,PROCEDURE-DIVISION,,,42,COBUG_RUNTIME_FINAL_FIXED_V1,NO_MARKERS
lucasrmagalhaes_learning-COBOL,lucasrmagalhaes_learning-COBOL/SUBMENU.cbl,RB000142,WRONG_CALCULATION_LOGIC,MEDIUM,T_R_LOGIC_01,PROCEDURE-DIVISION,78,83,42,COBUG_RUNTIME_FINAL_FIXED_V1,MARKERS_PRESENT
lucasrmagalhaes_learning-COBOL,lucasrmagalhaes_learning-COBOL/ENCERRANDOMENU.cbl,RB000143,DIVIDE_BY_ZERO_RISK,HIGH,T_R_DIV0_01,PROCEDURE-DIVISION,132,137,42,COBUG_RUNTIME_FINAL_FIXED_V1,MARKERS_PRESENT
lucasrmagalhaes_learning-COBOL,lucasrmagalhaes_learning-COBOL/ENCERRANDOMENU.cbl,RB000144,WRONG_CALCULATION_LOGIC,MEDIUM,T_R_LOGIC_01,PROCEDURE-DIVISION,138,144,42,COBUG_RUNTIME_FINAL_FIXED_V1,MARKERS_PRESENT
lucasrmagalhaes_learning-COBOL,lucasrmagalhaes_learning-COBOL/PROGCOB09.cob,RB000145,INFINITE_LOOP_NON_TERMINATION,HIGH,T_R_LOOP_01,PROCEDURE-DIVISION,,,42,COBUG_RUNTIME_FINAL_FIXED_V1,NO_MARKERS
lucasrmagalhaes_learning-COBOL,lucasrmagalhaes_learning-COBOL/PROGCOB09.cob,RB000146,DIVIDE_BY_ZERO_RISK,HIGH,T_R_DIV0_01,PROCEDURE-DIVISION,,,42,COBUG_RUNTIME_FINAL_FIXED_V1,NO_MARKERS
debinix_openjensen,debinix_openjensen/get-post-value.cbl,RB000147,INFINITE_LOOP_NON_TERMINATION,HIGH,T_R_LOOP_01,PROCEDURE-DIVISION,,,42,COBUG_RUNTIME_FINAL_FIXED_V1,NO_MARKERS
debinix_openjensen,debinix_openjensen/get-post-value.cbl,RB000148,WRONG_CALCULATION_LOGIC,MEDIUM,T_R_LOGIC_01,PROCEDURE-DIVISION,,,42,COBUG_RUNTIME_FINAL_FIXED_V1,NO_MARKERS
debinix_openjensen,debinix_openjensen/toolchaintest.cbl,RB000149,WRONG_CALCULATION_LOGIC,MEDIUM,T_R_LOGIC_01,PROCEDURE-DIVISION,,,42,COBUG_RUNTIME_FINAL_FIXED_V1,NO_MARKERS
debinix_openjensen,debinix_openjensen/error-printscr.cbl,RB000150,MISSING_FILE_STATUS_HANDLING,MEDIUM,T_R_FILE_01,PROCEDURE-DIVISION,,,42,COBUG_RUNTIME_FINAL_FIXED_V1,NO_MARKERS
debinix_openjensen,debinix_openjensen/error-printscr.cbl,RB000151,WRONG_CALCULATION_LOGIC,MEDIUM,T_R_LOGIC_01,PROCEDURE-DIVISION,,,42,COBUG_RUNTIME_FINAL_FIXED_V1,NO_MARKERS
debinix_openjensen,debinix_openjensen/test-utf8.cbl,RB000152,INFINITE_LOOP_NON_TERMINATION,HIGH,T_R_LOOP_01,PROCEDURE-DIVISION,,,42,COBUG_RUNTIME_FINAL_FIXED_V1,NO_MARKERS
debinix_openjensen,debinix_openjensen/toolchaindisplaytest.cbl,RB000153,DIVIDE_BY_ZERO_RISK,HIGH,T_R_DIV0_01,PROCEDURE-DIVISION,24,27,42,COBUG_RUNTIME_FINAL_FIXED_V1,MARKERS_PRESENT
debinix_openjensen,debinix_openjensen/toolchaindisplaytest.cbl,RB000154,MISSING_FILE_STATUS_HANDLING,MEDIUM,T_R_FILE_01,PROCEDURE-DIVISION,28,33,42,COBUG_RUNTIME_FINAL_FIXED_V1,MARKERS_PRESENT
debinix_openjensen,debinix_openjensen/cgi-remove-local.cbl,RB000155,DIVIDE_BY_ZERO_RISK,HIGH,T_R_DIV0_01,PROCEDURE-DIVISION,,,42,COBUG_RUNTIME_FINAL_FIXED_V1,NO_MARKERS
debinix_openjensen,debinix_openjensen/cgi-remove-local.cbl,RB000156,UNINITIALIZED_DATA_ITEM_USE,HIGH,T_R_UNINIT_01,PROCEDURE-DIVISION,,,42,COBUG_RUNTIME_FINAL_FIXED_V1,NO_MARKERS
debinix_openjensen,debinix_openjensen/cgi-list-local.cbl,RB000157,UNINITIALIZED_DATA_ITEM_USE,HIGH,T_R_UNINIT_01,PROCEDURE-DIVISION,,,42,COBUG_RUNTIME_FINAL_FIXED_V1,NO_MARKERS
debinix_openjensen,debinix_openjensen/ok-printscr.cbl,RB000158,WRONG_CALCULATION_LOGIC,MEDIUM,T_R_LOGIC_01,PROCEDURE-DIVISION,,,42,COBUG_RUNTIME_FINAL_FIXED_V1,NO_MARKERS
debinix_openjensen,debinix_openjensen/write-post-string.cbl,RB000159,DIVIDE_BY_ZERO_RISK,HIGH,T_R_DIV0_01,PROCEDURE-DIVISION,,,42,COBUG_RUNTIME_FINAL_FIXED_V1,NO_MARKERS
debinix_openjensen,debinix_openjensen/test-php-unlink.cbl,RB000160,INFINITE_LOOP_NON_TERMINATION,HIGH,T_R_LOOP_01,PROCEDURE-DIVISION,,,42,COBUG_RUNTIME_FINAL_FIXED_V1,NO_MARKERS
debinix_openjensen,debinix_openjensen/test-php-unlink.cbl,RB000161,MISSING_FILE_STATUS_HANDLING,MEDIUM,T_R_FILE_01,PROCEDURE-DIVISION,,,42,COBUG_RUNTIME_FINAL_FIXED_V1,NO_MARKERS
debinix_openjensen,debinix_openjensen/cgi-edit-betyg.cbl,RB000162,MISSING_FILE_STATUS_HANDLING,MEDIUM,T_R_FILE_01,PROCEDURE-DIVISION,,,42,COBUG_RUNTIME_FINAL_FIXED_V1,NO_MARKERS
debinix_openjensen,debinix_openjensen/cgi-edit-betyg.cbl,RB000163,WRONG_CALCULATION_LOGIC,MEDIUM,T_R_LOGIC_01,PROCEDURE-DIVISION,,,42,COBUG_RUNTIME_FINAL_FIXED_V1,NO_MARKERS
debinix_openjensen,debinix_openjensen/wui-start-html.cbl,RB000164,INFINITE_LOOP_NON_TERMINATION,HIGH,T_R_LOOP_01,PROCEDURE-DIVISION,36,39,42,COBUG_RUNTIME_FINAL_FIXED_V1,MARKERS_PRESENT
bmcsoftware_vscode-ispw,bmcsoftware_vscode-ispw/TPROG07.cbl,RB000165,UNINITIALIZED_DATA_ITEM_USE,HIGH,T_R_UNINIT_01,PROCEDURE-DIVISION,,,42,COBUG_RUNTIME_FINAL_FIXED_V1,NO_MARKERS
bmcsoftware_vscode-ispw,bmcsoftware_vscode-ispw/TPROG07.cbl,RB000166,WRONG_CALCULATION_LOGIC,MEDIUM,T_R_LOGIC_01,PROCEDURE-DIVISION,,,42,COBUG_RUNTIME_FINAL_FIXED_V1,NO_MARKERS
bmcsoftware_vscode-ispw,bmcsoftware_vscode-ispw/TPROG01.cbl,RB000167,WRONG_CALCULATION_LOGIC,MEDIUM,T_R_LOGIC_01,PROCEDURE-DIVISION,,,42,COBUG_RUNTIME_FINAL_FIXED_V1,NO_MARKERS
bmcsoftware_vscode-ispw,bmcsoftware_vscode-ispw/TPROG01.cbl,RB000168,MISSING_FILE_STATUS_HANDLING,MEDIUM,T_R_FILE_01,PROCEDURE-DIVISION,,,42,COBUG_RUNTIME_FINAL_FIXED_V1,NO_MARKERS
bmcsoftware_vscode-ispw,bmcsoftware_vscode-ispw/TPROG04.cbl,RB000169,UNINITIALIZED_DATA_ITEM_USE,HIGH,T_R_UNINIT_01,PROCEDURE-DIVISION,,,42,COBUG_RUNTIME_FINAL_FIXED_V1,NO_MARKERS
bmcsoftware_vscode-ispw,bmcsoftware_vscode-ispw/TSUBR04.cbl,RB000170,DIVIDE_BY_ZERO_RISK,HIGH,T_R_DIV0_01,PROCEDURE-DIVISION,,,42,COBUG_RUNTIME_FINAL_FIXED_V1,NO_MARKERS
bmcsoftware_vscode-ispw,bmcsoftware_vscode-ispw/TSUBR04.cbl,RB000171,WRONG_CALCULATION_LOGIC,MEDIUM,T_R_LOGIC_01,PROCEDURE-DIVISION,,,42,COBUG_RUNTIME_FINAL_FIXED_V1,NO_MARKERS
bmcsoftware_vscode-ispw,bmcsoftware_vscode-ispw/TPROG05.cbl,RB000172,DIVIDE_BY_ZERO_RISK,HIGH,T_R_DIV0_01,PROCEDURE-DIVISION,,,42,COBUG_RUNTIME_FINAL_FIXED_V1,NO_MARKERS
bmcsoftware_vscode-ispw,bmcsoftware_vscode-ispw/TPROG05.cbl,RB000173,UNINITIALIZED_DATA_ITEM_USE,HIGH,T_R_UNINIT_01,PROCEDURE-DIVISION,,,42,COBUG_RUNTIME_FINAL_FIXED_V1,NO_MARKERS
bmcsoftware_vscode-ispw,bmcsoftware_vscode-ispw/TSUBR03.cbl,RB000174,DIVIDE_BY_ZERO_RISK,HIGH,T_R_DIV0_01,PROCEDURE-DIVISION,,,42,COBUG_RUNTIME_FINAL_FIXED_V1,NO_MARKERS
bmcsoftware_vscode-ispw,bmcsoftware_vscode-ispw/TPROG08.cbl,RB000175,UNINITIALIZED_DATA_ITEM_USE,HIGH,T_R_UNINIT_01,PROCEDURE-DIVISION,,,42,COBUG_RUNTIME_FINAL_FIXED_V1,NO_MARKERS
bmcsoftware_vscode-ispw,bmcsoftware_vscode-ispw/TPROG08.cbl,RB000176,DIVIDE_BY_ZERO_RISK,HIGH,T_R_DIV0_01,PROCEDURE-DIVISION,,,42,COBUG_RUNTIME_FINAL_FIXED_V1,NO_MARKERS
bmcsoftware_vscode-ispw,bmcsoftware_vscode-ispw/CWBWDATE.cbl,RB000177,DIVIDE_BY_ZERO_RISK,HIGH,T_R_DIV0_01,PROCEDURE-DIVISION,,,42,COBUG_RUNTIME_FINAL_FIXED_V1,NO_MARKERS
bmcsoftware_vscode-ispw,bmcsoftware_vscode-ispw/CWKTDATE.cbl,RB000178,INFINITE_LOOP_NON_TERMINATION,HIGH,T_R_LOOP_01,PROCEDURE-DIVISION,,,42,COBUG_RUNTIME_FINAL_FIXED_V1,NO_MARKERS
bmcsoftware_vscode-ispw,bmcsoftware_vscode-ispw/TPROG06.cbl,RB000179,UNINITIALIZED_DATA_ITEM_USE,HIGH,T_R_UNINIT_01,PROCEDURE-DIVISION,,,42,COBUG_RUNTIME_FINAL_FIXED_V1,NO_MARKERS
bmcsoftware_vscode-ispw,bmcsoftware_vscode-ispw/TPROG06.cbl,RB000180,MISSING_FILE_STATUS_HANDLING,MEDIUM,T_R_FILE_01,PROCEDURE-DIVISION,,,42,COBUG_RUNTIME_FINAL_FIXED_V1,NO_MARKERS
bmcsoftware_vscode-ispw,bmcsoftware_vscode-ispw/TSUBR06.cbl,RB000181,MISSING_FILE_STATUS_HANDLING,MEDIUM,T_R_FILE_01,PROCEDURE-DIVISION,,,42,COBUG_RUNTIME_FINAL_FIXED_V1,NO_MARKERS
bmcsoftware_vscode-ispw,bmcsoftware_vscode-ispw/TSUBR06.cbl,RB000182,UNINITIALIZED_DATA_ITEM_USE,HIGH,T_R_UNINIT_01,PROCEDURE-DIVISION,,,42,COBUG_RUNTIME_FINAL_FIXED_V1,NO_MARKERS
bmcsoftware_vscode-ispw,bmcsoftware_vscode-ispw/TPROG10.cbl,RB000183,UNINITIALIZED_DATA_ITEM_USE,HIGH,T_R_UNINIT_01,PROCEDURE-DIVISION,,,42,COBUG_RUNTIME_FINAL_FIXED_V1,NO_MARKERS
bmcsoftware_vscode-ispw,bmcsoftware_vscode-ispw/TSUBR08.cbl,RB000184,WRONG_CALCULATION_LOGIC,MEDIUM,T_R_LOGIC_01,PROCEDURE-DIVISION,,,42,COBUG_RUNTIME_FINAL_FIXED_V1,NO_MARKERS
bmcsoftware_vscode-ispw,bmcsoftware_vscode-ispw/TSUBR08.cbl,RB000185,INFINITE_LOOP_NON_TERMINATION,HIGH,T_R_LOOP_01,PROCEDURE-DIVISION,,,42,COBUG_RUNTIME_FINAL_FIXED_V1,NO_MARKERS
bmcsoftware_vscode-ispw,bmcsoftware_vscode-ispw/TPROG03.cbl,RB000186,MISSING_FILE_STATUS_HANDLING,MEDIUM,T_R_FILE_01,PROCEDURE-DIVISION,,,42,COBUG_RUNTIME_FINAL_FIXED_V1,NO_MARKERS
bmcsoftware_vscode-ispw,bmcsoftware_vscode-ispw/TPROG03.cbl,RB000187,UNINITIALIZED_DATA_ITEM_USE,HIGH,T_R_UNINIT_01,PROCEDURE-DIVISION,,,42,COBUG_RUNTIME_FINAL_FIXED_V1,NO_MARKERS
bmcsoftware_vscode-ispw,bmcsoftware_vscode-ispw/CWBWSUBC.cbl,RB000188,MISSING_FILE_STATUS_HANDLING,MEDIUM,T_R_FILE_01,PROCEDURE-DIVISION,,,42,COBUG_RUNTIME_FINAL_FIXED_V1,NO_MARKERS
bmcsoftware_vscode-ispw,bmcsoftware_vscode-ispw/CWBWSUBC.cbl,RB000189,INFINITE_LOOP_NON_TERMINATION,HIGH,T_R_LOOP_01,PROCEDURE-DIVISION,,,42,COBUG_RUNTIME_FINAL_FIXED_V1,NO_MARKERS
bmcsoftware_vscode-ispw,bmcsoftware_vscode-ispw/TSUBR02.cbl,RB000190,WRONG_CALCULATION_LOGIC,MEDIUM,T_R_LOGIC_01,PROCEDURE-DIVISION,,,42,COBUG_RUNTIME_FINAL_FIXED_V1,NO_MARKERS
bmcsoftware_vscode-ispw,bmcsoftware_vscode-ispw/TSUBR02.cbl,RB000191,DIVIDE_BY_ZERO_RISK,HIGH,T_R_DIV0_01,PROCEDURE-DIVISION,,,42,COBUG_RUNTIME_FINAL_FIXED_V1,NO_MARKERS
z390development_z390,z390development_z390/TESTCAL2.CBL,RB000192,MISSING_FILE_STATUS_HANDLING,MEDIUM,T_R_FILE_01,PROCEDURE-DIVISION,30,33,42,COBUG_RUNTIME_FINAL_FIXED_V1,MARKERS_PRESENT
z390development_z390,z390development_z390/P8JFC.CBL,RB000193,INFINITE_LOOP_NON_TERMINATION,HIGH,T_R_LOOP_01,PROCEDURE-DIVISION,32,39,42,COBUG_RUNTIME_FINAL_FIXED_V1,MARKERS_PRESENT
z390development_z390,z390development_z390/P8JFC.CBL,RB000194,DIVIDE_BY_ZERO_RISK,HIGH,T_R_DIV0_01,PROCEDURE-DIVISION,40,47,42,COBUG_RUNTIME_FINAL_FIXED_V1,MARKERS_PRESENT
z390development_z390,z390development_z390/TESTFUN1.CBL,RB000195,MISSING_FILE_STATUS_HANDLING,MEDIUM,T_R_FILE_01,PROCEDURE-DIVISION,,,42,COBUG_RUNTIME_FINAL_FIXED_V1,NO_MARKERS
z390development_z390,z390development_z390/TESTRMD1.CBL,RB000196,MISSING_FILE_STATUS_HANDLING,MEDIUM,T_R_FILE_01,PROCEDURE-DIVISION,,,42,COBUG_RUNTIME_FINAL_FIXED_V1,NO_MARKERS
z390development_z390,z390development_z390/TESTMOV1.CBL,RB000197,WRONG_CALCULATION_LOGIC,MEDIUM,T_R_LOGIC_01,PROCEDURE-DIVISION,,,42,COBUG_RUNTIME_FINAL_FIXED_V1,NO_MARKERS
z390development_z390,z390development_z390/TESTPM3.CBL,RB000198,DIVIDE_BY_ZERO_RISK,HIGH,T_R_DIV0_01,PROCEDURE-DIVISION,,,42,COBUG_RUNTIME_FINAL_FIXED_V1,NO_MARKERS
z390development_z390,z390development_z390/TESTPM3.CBL,RB000199,INFINITE_LOOP_NON_TERMINATION,HIGH,T_R_LOOP_01,PROCEDURE-DIVISION,,,42,COBUG_RUNTIME_FINAL_FIXED_V1,NO_MARKERS
z390development_z390,z390development_z390/TESTADD1.CBL,RB000200,DIVIDE_BY_ZERO_RISK,HIGH,T_R_DIV0_01,PROCEDURE-DIVISION,,,42,COBUG_RUNTIME_FINAL_FIXED_V1,NO_MARKERS
z390development_z390,z390development_z390/TESTADD1.CBL,RB000201,UNINITIALIZED_DATA_ITEM_USE,HIGH,T_R_UNINIT_01,PROCEDURE-DIVISION,,,42,COBUG_RUNTIME_FINAL_FIXED_V1,NO_MARKERS
z390development_z390,z390development_z390/POWERS.CBL,RB000202,MISSING_FILE_STATUS_HANDLING,MEDIUM,T_R_FILE_01,PROCEDURE-DIVISION,,,42,COBUG_RUNTIME_FINAL_FIXED_V1,NO_MARKERS
z390development_z390,z390development_z390/POWERS.CBL,RB000203,UNINITIALIZED_DATA_ITEM_USE,HIGH,T_R_UNINIT_01,PROCEDURE-DIVISION,,,42,COBUG_RUNTIME_FINAL_FIXED_V1,NO_MARKERS
z390development_z390,z390development_z390/TESTGO1.CBL,RB000204,INFINITE_LOOP_NON_TERMINATION,HIGH,T_R_LOOP_01,PROCEDURE-DIVISION,,,42,COBUG_RUNTIME_FINAL_FIXED_V1,NO_MARKERS
z390development_z390,z390development_z390/COPYFILE.CBL,RB000205,WRONG_CALCULATION_LOGIC,MEDIUM,T_R_LOGIC_01,PROCEDURE-DIVISION,,,42,COBUG_RUNTIME_FINAL_FIXED_V1,NO_MARKERS
z390development_z390,z390development_z390/TESTMOV2.CBL,RB000206,UNINITIALIZED_DATA_ITEM_USE,HIGH,T_R_UNINIT_01,PROCEDURE-DIVISION,9,14,42,COBUG_RUNTIME_FINAL_FIXED_V1,MARKERS_PRESENT
z390development_z390,z390development_z390/TESTCAL3.CBL,RB000207,MISSING_FILE_STATUS_HANDLING,MEDIUM,T_R_FILE_01,PROCEDURE-DIVISION,27,30,42,COBUG_RUNTIME_FINAL_FIXED_V1,MARKERS_PRESENT
z390development_z390,z390development_z390/TESTBEC1.CBL,RB000208,MISSING_FILE_STATUS_HANDLING,MEDIUM,T_R_FILE_01,PROCEDURE-DIVISION,,,42,COBUG_RUNTIME_FINAL_FIXED_V1,NO_MARKERS
z390development_z390,z390development_z390/TESTSIX1.CBL,RB000209,UNINITIALIZED_DATA_ITEM_USE,HIGH,T_R_UNINIT_01,PROCEDURE-DIVISION,72,76,42,COBUG_RUNTIME_FINAL_FIXED_V1,MARKERS_PRESENT
z390development_z390,z390development_z390/TESTSIX1.CBL,RB000210,MISSING_FILE_STATUS_HANDLING,MEDIUM,T_R_FILE_01,PROCEDURE-DIVISION,77,80,42,COBUG_RUNTIME_FINAL_FIXED_V1,MARKERS_PRESENT
z390development_z390,z390development_z390/TESTSIX1.CBL,RB000211,UNINITIALIZED_DATA_ITEM_USE,HIGH,T_R_UNINIT_01,PROCEDURE-DIVISION,81,85,42,COBUG_RUNTIME_FINAL_FIXED_V1,MARKERS_PRESENT
z390development_z390,z390development_z390/TESTSIX1.CBL,RB000212,MISSING_FILE_STATUS_HANDLING,MEDIUM,T_R_FILE_01,PROCEDURE-DIVISION,93,97,42,COBUG_RUNTIME_FINAL_FIXED_V1,MARKERS_PRESENT
z390development_z390,z390development_z390/TESTSIX1.CBL,RB000213,UNINITIALIZED_DATA_ITEM_USE,HIGH,T_R_UNINIT_01,PROCEDURE-DIVISION,105,109,42,COBUG_RUNTIME_FINAL_FIXED_V1,MARKERS_PRESENT
z390development_z390,z390development_z390/TESTSIX1.CBL,RB000214,MISSING_FILE_STATUS_HANDLING,MEDIUM,T_R_FILE_01,PROCEDURE-DIVISION,117,121,42,COBUG_RUNTIME_FINAL_FIXED_V1,MARKERS_PRESENT
z390development_z390,z390development_z390/TESTSIX1.CBL,RB000215,UNINITIALIZED_DATA_ITEM_USE,HIGH,T_R_UNINIT_01,PROCEDURE-DIVISION,129,133,42,COBUG_RUNTIME_FINAL_FIXED_V1,MARKERS_PRESENT
z390development_z390,z390development_z390/TESTSIX1.CBL,RB000216,MISSING_FILE_STATUS_HANDLING,MEDIUM,T_R_FILE_01,PROCEDURE-DIVISION,141,145,42,COBUG_RUNTIME_FINAL_FIXED_V1,MARKERS_PRESENT
z390development_z390,z390development_z390/TESTSIX1.CBL,RB000217,UNINITIALIZED_DATA_ITEM_USE,HIGH,T_R_UNINIT_01,PROCEDURE-DIVISION,153,157,42,COBUG_RUNTIME_FINAL_FIXED_V1,MARKERS_PRESENT
z390development_z390,z390development_z390/TESTSIX1.CBL,RB000218,MISSING_FILE_STATUS_HANDLING,MEDIUM,T_R_FILE_01,PROCEDURE-DIVISION,165,169,42,COBUG_RUNTIME_FINAL_FIXED_V1,MARKERS_PRESENT
z390development_z390,z390development_z390/TESTSIX1.CBL,RB000219,UNINITIALIZED_DATA_ITEM_USE,HIGH,T_R_UNINIT_01,PROCEDURE-DIVISION,177,181,42,COBUG_RUNTIME_FINAL_FIXED_V1,MARKERS_PRESENT
z390development_z390,z390development_z390/TESTSIX1.CBL,RB000220,MISSING_FILE_STATUS_HANDLING,MEDIUM,T_R_FILE_01,PROCEDURE-DIVISION,189,193,42,COBUG_RUNTIME_FINAL_FIXED_V1,MARKERS_PRESENT
z390development_z390,z390development_z390/TESTSIX1.CBL,RB000221,UNINITIALIZED_DATA_ITEM_USE,HIGH,T_R_UNINIT_01,PROCEDURE-DIVISION,201,205,42,COBUG_RUNTIME_FINAL_FIXED_V1,MARKERS_PRESENT
z390development_z390,z390development_z390/TESTSIX1.CBL,RB000222,MISSING_FILE_STATUS_HANDLING,MEDIUM,T_R_FILE_01,PROCEDURE-DIVISION,213,217,42,COBUG_RUNTIME_FINAL_FIXED_V1,MARKERS_PRESENT
z390development_z390,z390development_z390/TESTSIX1.CBL,RB000223,UNINITIALIZED_DATA_ITEM_USE,HIGH,T_R_UNINIT_01,PROCEDURE-DIVISION,225,229,42,COBUG_RUNTIME_FINAL_FIXED_V1,MARKERS_PRESENT
z390development_z390,z390development_z390/TESTSIX1.CBL,RB000224,MISSING_FILE_STATUS_HANDLING,MEDIUM,T_R_FILE_01,PROCEDURE-DIVISION,237,241,42,COBUG_RUNTIME_FINAL_FIXED_V1,MARKERS_PRESENT
z390development_z390,z390development_z390/TESTSIX1.CBL,RB000225,UNINITIALIZED_DATA_ITEM_USE,HIGH,T_R_UNINIT_01,PROCEDURE-DIVISION,249,253,42,COBUG_RUNTIME_FINAL_FIXED_V1,MARKERS_PRESENT
z390development_z390,z390development_z390/TESTSIX1.CBL,RB000226,MISSING_FILE_STATUS_HANDLING,MEDIUM,T_R_FILE_01,PROCEDURE-DIVISION,261,265,42,COBUG_RUNTIME_FINAL_FIXED_V1,MARKERS_PRESENT
z390development_z390,z390development_z390/TESTSIX1.CBL,RB000227,UNINITIALIZED_DATA_ITEM_USE,HIGH,T_R_UNINIT_01,PROCEDURE-DIVISION,273,277,42,COBUG_RUNTIME_FINAL_FIXED_V1,MARKERS_PRESENT
z390development_z390,z390development_z390/TESTSIX1.CBL,RB000228,MISSING_FILE_STATUS_HANDLING,MEDIUM,T_R_FILE_01,PROCEDURE-DIVISION,285,289,42,COBUG_RUNTIME_FINAL_FIXED_V1,MARKERS_PRESENT
z390development_z390,z390development_z390/TESTSIX1.CBL,RB000229,UNINITIALIZED_DATA_ITEM_USE,HIGH,T_R_UNINIT_01,PROCEDURE-DIVISION,297,301,42,COBUG_RUNTIME_FINAL_FIXED_V1,MARKERS_PRESENT
z390development_z390,z390development_z390/TESTSIX1.CBL,RB000230,MISSING_FILE_STATUS_HANDLING,MEDIUM,T_R_FILE_01,PROCEDURE-DIVISION,309,313,42,COBUG_RUNTIME_FINAL_FIXED_V1,MARKERS_PRESENT
z390development_z390,z390development_z390/TESTSIX1.CBL,RB000231,UNINITIALIZED_DATA_ITEM_USE,HIGH,T_R_UNINIT_01,PROCEDURE-DIVISION,321,325,42,COBUG_RUNTIME_FINAL_FIXED_V1,MARKERS_PRESENT
z390development_z390,z390development_z390/TESTSIX1.CBL,RB000232,MISSING_FILE_STATUS_HANDLING,MEDIUM,T_R_FILE_01,PROCEDURE-DIVISION,333,337,42,COBUG_RUNTIME_FINAL_FIXED_V1,MARKERS_PRESENT
z390development_z390,z390development_z390/TESTSIX1.CBL,RB000233,UNINITIALIZED_DATA_ITEM_USE,HIGH,T_R_UNINIT_01,PROCEDURE-DIVISION,345,349,42,COBUG_RUNTIME_FINAL_FIXED_V1,MARKERS_PRESENT
z390development_z390,z390development_z390/TESTSIX1.CBL,RB000234,MISSING_FILE_STATUS_HANDLING,MEDIUM,T_R_FILE_01,PROCEDURE-DIVISION,357,361,42,COBUG_RUNTIME_FINAL_FIXED_V1,MARKERS_PRESENT
z390development_z390,z390development_z390/TESTSIX1.CBL,RB000235,UNINITIALIZED_DATA_ITEM_USE,HIGH,T_R_UNINIT_01,PROCEDURE-DIVISION,369,373,42,COBUG_RUNTIME_FINAL_FIXED_V1,MARKERS_PRESENT
z390development_z390,z390development_z390/TESTSIX1.CBL,RB000236,MISSING_FILE_STATUS_HANDLING,MEDIUM,T_R_FILE_01,PROCEDURE-DIVISION,381,385,42,COBUG_RUNTIME_FINAL_FIXED_V1,MARKERS_PRESENT
z390development_z390,z390development_z390/TESTSIX1.CBL,RB000237,UNINITIALIZED_DATA_ITEM_USE,HIGH,T_R_UNINIT_01,PROCEDURE-DIVISION,393,397,42,COBUG_RUNTIME_FINAL_FIXED_V1,MARKERS_PRESENT
z390development_z390,z390development_z390/TESTSIX1.CBL,RB000238,MISSING_FILE_STATUS_HANDLING,MEDIUM,T_R_FILE_01,PROCEDURE-DIVISION,405,409,42,COBUG_RUNTIME_FINAL_FIXED_V1,MARKERS_PRESENT
z390development_z390,z390development_z390/TESTSIX1.CBL,RB000239,UNINITIALIZED_DATA_ITEM_USE,HIGH,T_R_UNINIT_01,PROCEDURE-DIVISION,417,421,42,COBUG_RUNTIME_FINAL_FIXED_V1,MARKERS_PRESENT
z390development_z390,z390development_z390/TESTSIX1.CBL,RB000240,MISSING_FILE_STATUS_HANDLING,MEDIUM,T_R_FILE_01,PROCEDURE-DIVISION,429,433,42,COBUG_RUNTIME_FINAL_FIXED_V1,MARKERS_PRESENT
z390development_z390,z390development_z390/TESTSIX1.CBL,RB000241,UNINITIALIZED_DATA_ITEM_USE,HIGH,T_R_UNINIT_01,PROCEDURE-DIVISION,441,445,42,COBUG_RUNTIME_FINAL_FIXED_V1,MARKERS_PRESENT
z390development_z390,z390development_z390/TESTSIX1.CBL,RB000242,MISSING_FILE_STATUS_HANDLING,MEDIUM,T_R_FILE_01,PROCEDURE-DIVISION,453,457,42,COBUG_RUNTIME_FINAL_FIXED_V1,MARKERS_PRESENT
z390development_z390,z390development_z390/TESTSIX1.CBL,RB000243,UNINITIALIZED_DATA_ITEM_USE,HIGH,T_R_UNINIT_01,PROCEDURE-DIVISION,465,469,42,COBUG_RUNTIME_FINAL_FIXED_V1,MARKERS_PRESENT
z390development_z390,z390development_z390/TESTSIX1.CBL,RB000244,MISSING_FILE_STATUS_HANDLING,MEDIUM,T_R_FILE_01,PROCEDURE-DIVISION,477,481,42,COBUG_RUNTIME_FINAL_FIXED_V1,MARKERS_PRESENT
z390development_z390,z390development_z390/TESTSIX1.CBL,RB000245,UNINITIALIZED_DATA_ITEM_USE,HIGH,T_R_UNINIT_01,PROCEDURE-DIVISION,489,493,42,COBUG_RUNTIME_FINAL_FIXED_V1,MARKERS_PRESENT
z390development_z390,z390development_z390/TESTSIX1.CBL,RB000246,MISSING_FILE_STATUS_HANDLING,MEDIUM,T_R_FILE_01,PROCEDURE-DIVISION,501,505,42,COBUG_RUNTIME_FINAL_FIXED_V1,MARKERS_PRESENT
z390development_z390,z390development_z390/TESTSUB2.CBL,RB000247,DIVIDE_BY_ZERO_RISK,HIGH,T_R_DIV0_01,PROCEDURE-DIVISION,,,42,COBUG_RUNTIME_FINAL_FIXED_V1,NO_MARKERS
z390development_z390,z390development_z390/TESTSUB2.CBL,RB000248,UNINITIALIZED_DATA_ITEM_USE,HIGH,T_R_UNINIT_01,PROCEDURE-DIVISION,,,42,COBUG_RUNTIME_FINAL_FIXED_V1,NO_MARKERS
z390development_z390,z390development_z390/TESTTRC3.CBL,RB000249,WRONG_CALCULATION_LOGIC,MEDIUM,T_R_LOGIC_01,PROCEDURE-DIVISION,,,42,COBUG_RUNTIME_FINAL_FIXED_V1,NO_MARKERS
z390development_z390,z390development_z390/DEMOMAIN.CBL,RB000250,WRONG_CALCULATION_LOGIC,MEDIUM,T_R_LOGIC_01,PROCEDURE-DIVISION,,,42,COBUG_RUNTIME_FINAL_FIXED_V1,NO_MARKERS
z390development_z390,z390development_z390/DEMOMAIN.CBL,RB000251,MISSING_FILE_STATUS_HANDLING,MEDIUM,T_R_FILE_01,PROCEDURE-DIVISION,,,42,COBUG_RUNTIME_FINAL_FIXED_V1,NO_MARKERS
neopragma_cobol-unit-test,neopragma_cobol-unit-test/CICSDEMO.CBL,RB000252,DIVIDE_BY_ZERO_RISK,HIGH,T_R_DIV0_01,PROCEDURE-DIVISION,,,42,COBUG_RUNTIME_FINAL_FIXED_V1,NO_MARKERS
neopragma_cobol-unit-test,neopragma_cobol-unit-test/CICSDEMO.CBL,RB000253,MISSING_FILE_STATUS_HANDLING,MEDIUM,T_R_FILE_01,PROCEDURE-DIVISION,,,42,COBUG_RUNTIME_FINAL_FIXED_V1,NO_MARKERS
neopragma_cobol-unit-test,neopragma_cobol-unit-test/CARD3D.CBL,RB000254,DIVIDE_BY_ZERO_RISK,HIGH,T_R_DIV0_01,PROCEDURE-DIVISION,,,42,COBUG_RUNTIME_FINAL_FIXED_V1,NO_MARKERS
neopragma_cobol-unit-test,neopragma_cobol-unit-test/FILEDEMO.CBL,RB000255,DIVIDE_BY_ZERO_RISK,HIGH,T_R_DIV0_01,PROCEDURE-DIVISION,63,64,42,COBUG_RUNTIME_FINAL_FIXED_V1,MARKERS_PRESENT
neopragma_cobol-unit-test,neopragma_cobol-unit-test/FILEDEMO.CBL,RB000256,MISSING_FILE_STATUS_HANDLING,MEDIUM,T_R_FILE_01,PROCEDURE-DIVISION,71,72,42,COBUG_RUNTIME_FINAL_FIXED_V1,MARKERS_PRESENT
neopragma_cobol-unit-test,neopragma_cobol-unit-test/CARD2D.CBL,RB000257,UNINITIALIZED_DATA_ITEM_USE,HIGH,T_R_UNINIT_01,PROCEDURE-DIVISION,,,42,COBUG_RUNTIME_FINAL_FIXED_V1,NO_MARKERS
neopragma_cobol-unit-test,neopragma_cobol-unit-test/CARD2D.CBL,RB000258,WRONG_CALCULATION_LOGIC,MEDIUM,T_R_LOGIC_01,PROCEDURE-DIVISION,,,42,COBUG_RUNTIME_FINAL_FIXED_V1,NO_MARKERS
neopragma_cobol-unit-test,neopragma_cobol-unit-test/CICSDRIV.CBL,RB000259,WRONG_CALCULATION_LOGIC,MEDIUM,T_R_LOGIC_01,PROCEDURE-DIVISION,,,42,COBUG_RUNTIME_FINAL_FIXED_V1,NO_MARKERS
neopragma_cobol-unit-test,neopragma_cobol-unit-test/CICSDRIV.CBL,RB000260,MISSING_FILE_STATUS_HANDLING,MEDIUM,T_R_FILE_01,PROCEDURE-DIVISION,,,42,COBUG_RUNTIME_FINAL_FIXED_V1,NO_MARKERS
neopragma_cobol-unit-test,neopragma_cobol-unit-test/SUBPROGD.CBL,RB000261,INFINITE_LOOP_NON_TERMINATION,HIGH,T_R_LOOP_01,PROCEDURE-DIVISION,22,27,42,COBUG_RUNTIME_FINAL_FIXED_V1,MARKERS_PRESENT
neopragma_cobol-unit-test,neopragma_cobol-unit-test/SUBPROG.CBL,RB000262,INFINITE_LOOP_NON_TERMINATION,HIGH,T_R_LOOP_01,PROCEDURE-DIVISION,,,42,COBUG_RUNTIME_FINAL_FIXED_V1,NO_MARKERS
neopragma_cobol-unit-test,neopragma_cobol-unit-test/INVDATE.CBL,RB000263,DIVIDE_BY_ZERO_RISK,HIGH,T_R_DIV0_01,PROCEDURE-DIVISION,,,42,COBUG_RUNTIME_FINAL_FIXED_V1,NO_MARKERS
neopragma_cobol-unit-test,neopragma_cobol-unit-test/INVDATE.CBL,RB000264,INFINITE_LOOP_NON_TERMINATION,HIGH,T_R_LOOP_01,PROCEDURE-DIVISION,,,42,COBUG_RUNTIME_FINAL_FIXED_V1,NO_MARKERS
neopragma_cobol-unit-test,neopragma_cobol-unit-test/CARD2.CBL,RB000265,INFINITE_LOOP_NON_TERMINATION,HIGH,T_R_LOOP_01,PROCEDURE-DIVISION,,,42,COBUG_RUNTIME_FINAL_FIXED_V1,NO_MARKERS
